adrena_brains,attacks,bosses,create_time,episode_id,first_attack_turn,first_ready_turn,first_shadow_turn,froslass_evolves,grim_evolutions,opp_deck_left,opp_first_attack_turn,opp_prize_left,opponent_deck_hash,opponent_family,opponent_rating,opponent_submission,our_bodies_left,our_deck_left,our_prize_left,our_rating,our_turns,own_first_ready_turn,own_first_shadow_turn,rare_candies,seat,shadow_attacks,stamps,turns,version,went_first,won
6,6,0,2026-08-12T01:15:47.209102800Z,92155896,3,3,3,4,3,21,6,1,9714ab5c3996f6cc,Grimmsnarl (mirror),,55445763,5,17,1,,7,2,2,1,0,6,2,13,v19,True,True
4,4,0,2026-08-12T01:19:11.701537400Z,92156000,3,3,3,0,2,15,2,5,d05bff224d40b9c6,Mega Lucario,576.8621,53805430,6,23,2,600.0,5,2,2,1,0,4,1,9,v19,True,True
1,5,0,2026-08-12T01:23:10.808588300Z,92156920,3,3,3,1,2,18,4,4,7fa65817cc79c36c,Alakazam,733.4219,55297140,6,22,1,702.0526,6,2,2,1,1,4,2,11,v19,True,True
5,3,0,2026-08-12T01:27:10.669439500Z,92157853,6,6,6,1,2,26,3,1,9714ab5c3996f6cc,Grimmsnarl (mirror),843.8564,55330514,4,16,2,943.1907,5,3,3,0,1,3,2,11,v19,False,False
8,4,1,2026-08-12T01:31:11.019590300Z,92158793,4,8,8,1,1,20,7,5,a665414222aea434,Alakazam,813.8967,55402134,6,22,1,807.0842,6,4,4,0,1,3,2,12,v19,False,True
3,5,0,2026-08-12T01:35:10.839615500Z,92159731,3,5,5,1,3,22,6,1,9714ab5c3996f6cc,Grimmsnarl (mirror),783.4086,55425523,6,16,1,892.9738,6,3,3,1,0,4,1,11,v19,True,True
0,5,1,2026-08-12T01:39:10.597467900Z,92160685,4,4,4,5,4,22,5,1,62088a8950aeae46,Kangaskhan / Crustle,881.2706,55269067,4,9,1,862.0408,6,2,2,3,1,5,2,12,v19,False,True
7,3,0,2026-08-12T01:43:12.357668500Z,92161623,6,6,6,2,2,18,3,1,9714ab5c3996f6cc,Grimmsnarl (mirror),918.3549,55429427,4,20,1,964.6861,5,3,3,0,1,3,2,11,v19,False,False
5,5,0,2026-08-12T01:43:12.394926400Z,92161640,3,3,3,0,3,20,6,4,9714ab5c3996f6cc,Grimmsnarl (mirror),980.7805,55445470,6,20,1,915.456,6,2,2,1,0,5,2,11,v19,True,True
5,3,1,2026-08-12T01:47:12.641302900Z,92162573,6,6,6,0,1,21,3,5,cc38cb450b86770a,Alakazam,631.9822,55419247,6,19,1,921.2359,6,3,3,1,1,3,2,12,v19,False,True
5,4,1,2026-08-12T01:51:16.393332400Z,92163508,8,6,8,1,2,6,3,1,202ee2cec6cbe8b4,Dragapult,967.3149,55437453,2,23,1,930.0725,7,3,4,0,1,4,0,15,v19,False,False
7,3,0,2026-08-12T01:55:11.149889800Z,92164447,4,4,4,4,2,12,3,3,cc38cb450b86770a,Alakazam,973.0727,55441727,5,28,1,902.5305,5,2,2,2,1,3,0,10,v19,False,True
0,0,1,2026-08-12T01:59:10.677996400Z,92165376,,,,0,0,35,4,4,48047de8a9cc5ca2,other: Conkeldurr,643.7431,55094883,0,44,6,938.1391,2,,,0,0,0,0,4,v19,True,False
2,3,0,2026-08-12T02:03:11.382720200Z,92166326,3,9,9,1,2,17,10,2,9714ab5c3996f6cc,Grimmsnarl (mirror),843.6602,55421757,4,16,4,881.8479,6,5,5,0,0,2,2,12,v19,True,False
4,4,1,2026-08-12T02:07:11.050369900Z,92167281,3,3,3,0,1,16,2,4,c3c16f0e65487ad6,Mega Lucario,838.51,55446192,5,30,1,855.8376,5,2,2,1,0,4,2,9,v19,True,True
8,4,1,2026-08-12T02:11:10.730778300Z,92168214,6,6,6,3,2,24,5,3,9714ab5c3996f6cc,Grimmsnarl (mirror),815.1667,55427169,6,16,2,874.0795,6,3,3,1,1,3,1,12,v19,False,True
6,5,0,2026-08-12T02:15:10.896107200Z,92169135,5,5,5,0,3,27,2,3,ebd4dbb270dce6a2,Archaludon,851.1147,54999778,6,23,1,890.0534,7,3,3,1,0,5,1,13,v19,True,True
4,3,2,2026-08-12T02:19:10.998838100Z,92170076,4,4,4,4,2,8,3,2,cc38cb450b86770a,Alakazam,873.651,55425356,6,22,2,906.292,6,2,2,1,1,3,2,12,v19,False,True
4,2,1,2026-08-12T02:23:10.747919500Z,92171031,5,5,5,3,1,11,6,1,11276baf19535b35,other: N’s Zoroark ex,962.928,55359945,4,14,6,921.8889,7,3,3,0,0,2,2,14,v19,True,False
3,5,1,2026-08-12T02:27:17.813963100Z,92171967,6,6,6,1,2,12,5,1,cc38cb450b86770a,Alakazam,929.0504,55433908,5,10,1,895.5972,7,3,3,0,1,4,1,14,v19,False,True
4,3,0,2026-08-12T02:27:18.152069800Z,92172191,4,8,8,2,2,17,3,1,03ef6fb296bc6b10,Ogerpon,977.9724,55443385,5,17,4,907.5866,5,4,4,1,1,2,1,11,v19,False,False
13,5,1,2026-08-12T02:31:10.348274600Z,92172909,6,6,6,1,3,21,3,2,6fa64c0e3b2eb67c,Mega Lopunny / Froslass,959.0479,55429290,5,9,3,912.4085,7,3,3,2,1,5,1,15,v19,False,False
4,3,1,2026-08-12T02:35:10.889668600Z,92173841,4,4,4,0,2,15,5,1,9714ab5c3996f6cc,Grimmsnarl (mirror),880.2948,55430013,1,24,4,900.4723,6,2,2,1,1,3,0,13,v19,False,False
2,2,0,2026-08-12T02:35:11.190590500Z,92174054,8,14,14,2,1,17,3,1,cc38cb450b86770a,Alakazam,923.5194,55444216,3,23,5,885.9585,7,7,7,0,1,1,2,15,v19,False,False
6,4,0,2026-08-12T02:39:10.577575Z,92174785,3,3,3,1,1,10,4,1,daff2ed17de6145d,other: Cynthia's Garchomp ex,887.2067,55444490,3,33,2,874.794,8,2,2,1,0,3,0,16,v19,True,False
2,3,2,2026-08-12T02:43:10.478796Z,92175730,5,5,5,7,2,19,6,2,cc38cb450b86770a,Alakazam,855.5777,55306828,5,20,1,863.0446,6,3,3,0,0,3,2,11,v19,True,True
11,7,1,2026-08-12T02:47:11.090226Z,92176656,2,10,18,3,2,25,13,2,1eda048ea3581634,Kangaskhan / Crustle,974.4254,55439631,5,0,5,874.6189,12,5,9,3,1,1,2,25,v19,False,False
1,5,1,2026-08-12T02:51:10.925133600Z,92177628,3,5,5,2,2,17,6,1,9714ab5c3996f6cc,Grimmsnarl (mirror),853.1934,55436486,2,30,3,866.9696,6,3,3,0,0,3,0,12,v19,True,False
3,2,1,2026-08-12T02:55:35.522204600Z,92178567,3,3,3,7,2,27,4,1,0dede7cb8026e473,Ogerpon,821.5342,55351349,3,26,4,855.4193,5,2,2,2,0,2,0,10,v19,True,False
7,5,0,2026-08-12T02:59:33.919381Z,92179523,5,5,5,1,2,21,4,3,9714ab5c3996f6cc,Grimmsnarl (mirror),874.3756,55417150,5,17,1,843.4929,7,3,3,2,0,5,2,13,v19,True,True
7,5,1,2026-08-12T03:03:18.524163600Z,92180443,2,4,4,8,2,32,9,4,1425edcfd4319da5,other: Cynthia's Garchomp ex,876.1628,55330516,6,20,2,854.8185,5,2,2,1,1,4,1,10,v19,False,True
12,4,1,2026-08-12T03:07:12.049028200Z,92181383,5,5,5,0,2,21,4,5,9714ab5c3996f6cc,Grimmsnarl (mirror),888.615,55437925,6,27,1,865.3957,6,3,3,0,0,4,1,11,v19,True,True
7,2,0,2026-08-12T03:11:06.150904500Z,92182320,8,8,8,2,1,32,7,5,606c51d236295fcd,Ogerpon,520.5383,54824883,6,22,4,875.6304,5,4,4,0,1,2,0,10,v19,False,True
3,4,0,2026-08-12T03:15:36.399874600Z,92183257,6,6,6,5,3,22,7,1,3edaa824fcc4d093,Dragapult,912.7642,55441775,3,17,2,876.9554,6,3,3,0,1,4,1,13,v19,False,False
6,4,0,2026-08-12T03:19:36.616080200Z,92184195,5,5,5,0,3,21,4,5,2cd6d97526908dbb,Grimmsnarl (mirror),804.4432,55437543,6,14,2,869.0665,6,3,3,1,0,4,1,11,v19,True,True
11,6,3,2026-08-12T03:23:36.246205400Z,92185184,4,6,6,6,3,8,3,2,a7ee29914c1dce64,Mega Lopunny / Froslass,870.3213,55440107,6,4,3,875.8766,7,3,3,0,1,5,2,14,v19,False,True
5,3,1,2026-08-12T03:27:36.409071500Z,92186068,7,5,7,1,2,20,6,1,9714ab5c3996f6cc,Grimmsnarl (mirror),814.3799,55378431,4,19,3,884.2137,7,3,4,1,0,3,1,14,v19,True,False
4,6,1,2026-08-12T03:31:36.130627900Z,92186979,3,3,3,0,3,16,6,2,9714ab5c3996f6cc,Grimmsnarl (mirror),754.6949,55446332,3,18,2,880.655,7,2,2,1,0,6,0,13,v19,True,True
5,5,0,2026-08-12T03:31:36.222178200Z,92187042,2,6,6,11,2,12,3,1,a665414222aea434,Alakazam,836.673,55442940,5,12,1,873.7309,6,3,3,3,1,3,1,12,v19,False,True
3,4,2,2026-08-12T03:35:36.095717Z,92187796,6,6,6,0,3,14,3,1,05f854e1b3b3ba0f,Mega Lucario,730.0053,55447139,5,19,2,885.2389,7,3,3,0,1,4,1,14,v19,False,True
4,3,1,2026-08-12T03:39:37.066066900Z,92188596,6,6,6,7,2,20,3,3,cc38cb450b86770a,Alakazam,766.934,55447816,4,17,1,889.0988,5,3,3,1,1,3,1,10,v19,False,True
1,4,0,2026-08-12T03:43:36.526855600Z,92189596,3,3,3,0,2,35,2,3,05f854e1b3b3ba0f,Mega Lucario,890.4573,55447568,5,24,1,893.2153,5,2,2,1,0,4,2,9,v19,True,True
9,4,1,2026-08-12T03:59:35.752107400Z,92193254,7,7,7,0,2,10,2,3,0108c79d688ec17b,Mega Lucario,837.3679,55448054,5,27,3,899.7779,7,4,4,1,0,4,0,13,v19,True,True
6,4,0,2026-08-12T01:16:00.797810500Z,92155899,3,3,3,3,3,21,4,2,9714ab5c3996f6cc,Grimmsnarl (mirror),,55445769,3,22,2,,5,2,2,2,0,4,0,10,v20,True,False
6,4,0,2026-08-12T01:19:11.704447900Z,92156001,4,4,4,1,2,34,3,3,1a5a0c5b50e7199e,Archaludon,607.7142,54095421,5,22,2,600.0,5,2,2,1,1,4,1,10,v20,False,True
0,5,0,2026-08-12T01:23:10.807426100Z,92156919,4,6,6,5,2,0,5,2,a665414222aea434,Alakazam,649.8118,55400278,5,21,2,711.087,6,3,3,0,1,4,0,12,v20,False,True
7,6,0,2026-08-12T01:27:10.665769300Z,92157852,4,4,4,0,2,25,3,1,9714ab5c3996f6cc,Grimmsnarl (mirror),808.0501,55445803,6,22,1,902.1595,7,2,2,1,1,6,2,14,v20,False,True
12,5,0,2026-08-12T01:27:10.668909800Z,92157854,6,6,6,0,2,23,5,4,9714ab5c3996f6cc,Grimmsnarl (mirror),893.8076,55318486,5,19,1,791.3305,7,3,3,0,1,5,2,14,v20,False,True
7,4,1,2026-08-12T01:31:11.029555400Z,92158798,4,4,4,0,3,19,3,1,a7ee29914c1dce64,Mega Lopunny / Froslass,884.7825,55424549,4,15,1,949.5639,6,2,2,3,1,4,2,13,v20,False,False
0,3,0,2026-08-12T01:35:10.871048800Z,92159753,3,3,3,2,1,43,2,6,1650450cac935c2d,Alakazam,714.1472,54417767,5,33,3,872.4869,4,2,2,1,0,3,0,7,v20,True,True
7,3,1,2026-08-12T01:39:10.600016200Z,92160687,7,7,7,3,2,7,4,3,cc38cb450b86770a,Alakazam,891.9645,55393911,6,24,1,901.9055,6,4,4,0,0,3,0,11,v20,True,True
12,5,0,2026-08-12T01:43:12.357911400Z,92161629,6,6,6,1,3,14,7,4,9714ab5c3996f6cc,Grimmsnarl (mirror),953.9682,55390724,5,27,2,947.4014,7,3,3,0,1,5,0,14,v20,False,True
3,4,0,2026-08-12T01:47:12.629206Z,92162566,3,3,3,2,3,34,4,1,beb28c5389bf9e1f,Mega Lopunny / Froslass,1027.2661,55430330,5,16,1,988.9671,6,2,2,3,0,4,2,11,v20,True,True
2,4,0,2026-08-12T01:51:16.381083400Z,92163498,6,6,6,0,2,27,7,1,21c3f20980827cb2,Grimmsnarl (mirror),980.6288,55409731,1,20,5,1029.3313,7,3,3,0,1,3,1,15,v20,False,False
5,4,0,2026-08-12T01:55:11.142900700Z,92164441,4,4,4,2,2,7,3,1,a7ee29914c1dce64,Mega Lopunny / Froslass,1025.7026,55441017,5,15,3,992.3711,6,2,2,1,1,4,2,13,v20,False,False
3,2,1,2026-08-12T01:55:11.393215300Z,92164599,8,8,8,3,1,15,5,2,202ee2cec6cbe8b4,Dragapult,1007.1823,55443978,2,28,2,967.3013,5,4,4,2,1,2,1,11,v20,False,False
2,3,1,2026-08-12T01:59:10.686834500Z,92165385,3,3,3,5,2,21,4,1,9714ab5c3996f6cc,Grimmsnarl (mirror),917.7787,55444068,5,18,5,945.1571,5,2,2,1,0,3,0,10,v20,True,False
7,7,1,2026-08-12T02:03:11.383819500Z,92166327,2,4,4,2,3,30,7,2,36308472ad6655a5,Kangaskhan / Crustle,876.8227,55305966,6,6,1,919.2892,8,2,2,2,1,6,1,16,v20,False,True
3,6,1,2026-08-12T02:07:11.033902800Z,92167269,3,5,5,4,2,33,6,5,9b415cc6bbdf6fd5,Kangaskhan / Crustle,913.3124,55443106,6,16,2,938.1419,7,3,3,1,0,4,1,13,v20,True,True
3,3,2,2026-08-12T02:07:11.219405800Z,92167385,6,6,6,0,2,13,3,1,a7ee29914c1dce64,Mega Lopunny / Froslass,1060.0871,55443913,5,11,4,956.7802,6,3,3,1,1,3,1,13,v20,False,False
2,9,0,2026-08-12T02:11:10.740917700Z,92168220,7,7,7,5,2,32,2,4,2615cb184074e798,Kangaskhan / Crustle,880.811,55407664,6,0,6,944.0512,12,4,4,2,0,9,2,24,v20,True,False
12,6,1,2026-08-12T02:15:11.184687200Z,92169244,6,6,6,0,2,20,3,5,a7ee29914c1dce64,Mega Lopunny / Froslass,904.6512,55408195,6,14,2,921.6175,9,3,3,0,1,6,1,18,v20,False,True
8,3,0,2026-08-12T02:19:11.012400700Z,92170091,3,3,3,0,2,20,2,3,9714ab5c3996f6cc,Grimmsnarl (mirror),884.0121,55318486,5,20,1,937.6039,5,2,2,1,0,3,1,9,v20,True,True
4,3,0,2026-08-12T02:23:10.789347600Z,92171043,6,6,6,5,2,14,3,1,cc38cb450b86770a,Alakazam,898.0652,55436166,4,18,1,950.7309,5,3,3,1,1,3,2,11,v20,False,False
9,4,0,2026-08-12T02:27:17.822940600Z,92171978,5,5,5,0,2,15,4,5,9714ab5c3996f6cc,Grimmsnarl (mirror),838.365,55370176,5,24,1,932.5894,6,3,3,0,0,4,0,11,v20,True,True
8,4,0,2026-08-12T02:31:10.348469300Z,92172908,3,5,7,10,1,22,2,5,cc38cb450b86770a,Alakazam,938.3508,55096883,6,25,1,942.5329,6,3,4,1,0,3,1,11,v20,True,True
3,4,1,2026-08-12T02:35:10.881690600Z,92173836,3,3,3,7,1,37,,6,8d3a8feb6bf84019,Dipplin,932.4236,55442755,5,35,1,956.1301,5,2,2,1,0,4,0,9,v20,True,True
6,4,1,2026-08-12T02:39:10.546762700Z,92174768,6,6,6,7,3,17,5,3,cc38cb450b86770a,Alakazam,965.1626,55395289,6,12,1,968.1436,6,3,3,1,1,4,2,12,v20,False,True
2,4,0,2026-08-12T02:43:10.421646100Z,92175704,3,3,3,0,2,33,6,6,daff2ed17de6145d,other: Cynthia's Garchomp ex,903.204,55273269,6,21,1,980.593,5,2,2,2,0,4,0,9,v20,True,True
7,5,1,2026-08-12T02:47:11.030251300Z,92176625,5,5,5,0,2,27,4,3,9714ab5c3996f6cc,Grimmsnarl (mirror),897.1467,55443573,4,25,1,989.5042,7,3,3,0,0,5,2,13,v20,True,True
2,5,0,2026-08-12T02:51:10.888414200Z,92177597,5,5,5,0,3,19,6,2,9714ab5c3996f6cc,Grimmsnarl (mirror),1028.6715,55395787,2,16,5,997.5167,7,3,3,0,0,5,2,14,v20,True,False
1,3,0,2026-08-12T02:55:35.481904600Z,92178524,4,4,4,1,2,28,3,2,0dede7cb8026e473,Ogerpon,988.1566,55429108,4,25,4,987.5382,4,2,2,1,1,3,1,8,v20,False,True
1,1,0,2026-08-12T02:55:35.683630900Z,92178666,6,6,6,2,2,41,3,5,087addb066c1d16f,other: Mega Abomasnow ex,156.6992,55434525,6,23,6,987.5276,3,3,3,1,1,1,0,6,v20,False,True
2,0,0,2026-08-12T02:59:33.880296500Z,92179485,,,,0,0,22,3,1,9714ab5c3996f6cc,Grimmsnarl (mirror),984.767,55431441,3,33,6,998.3368,6,,,0,1,0,0,13,v20,False,False
0,4,0,2026-08-12T02:59:33.897540Z,92179504,4,6,6,1,2,7,3,2,cc38cb450b86770a,Alakazam,1036.8204,55445402,5,26,3,987.4612,5,3,3,1,1,2,0,11,v20,False,False
10,3,0,2026-08-12T03:03:18.490143300Z,92180419,6,6,6,0,2,21,5,5,6ef5d9bc5407f2ae,Grimmsnarl (mirror),976.1575,55441101,6,23,1,979.2425,6,3,3,0,1,3,0,12,v20,False,True
6,7,1,2026-08-12T03:07:12.012372Z,92181351,3,3,3,0,1,7,,6,17125d8ba1b278fc,Grimmsnarl (mirror),987.5769,55437832,6,22,1,988.8008,8,2,2,1,0,7,0,15,v20,True,True
5,4,1,2026-08-12T03:11:06.092287900Z,92182285,6,6,6,3,3,24,3,1,cc38cb450b86770a,Alakazam,964.0794,55444628,6,10,1,998.1047,7,3,3,3,1,4,2,14,v20,False,True
17,4,0,2026-08-12T03:15:36.341805400Z,92183225,4,4,4,6,2,17,7,1,e867da7ee803397c,Kangaskhan / Crustle,975.1998,55437097,4,8,1,1006.0279,9,2,2,1,1,3,2,19,v20,False,False
0,3,0,2026-08-12T03:19:36.582685Z,92184158,2,4,4,4,2,42,3,3,0dede7cb8026e473,Ogerpon,921.3303,55366485,6,21,6,996.2661,3,2,2,1,1,2,2,6,v20,False,True
2,3,0,2026-08-12T03:23:36.214183200Z,92185044,2,6,6,4,2,17,3,2,cc38cb450b86770a,Alakazam,956.5632,55394655,3,29,4,1002.6055,4,3,3,0,1,2,0,9,v20,False,False
11,3,2,2026-08-12T03:27:36.377945200Z,92186042,5,5,5,0,1,18,4,3,6ef5d9bc5407f2ae,Grimmsnarl (mirror),965.6956,55441101,5,31,1,992.8967,6,3,3,1,0,3,1,11,v20,True,True
0,0,0,2026-08-12T03:31:36.181623200Z,92187003,,,,1,0,35,2,4,cf84f522720e3610,other: Conkeldurr,1082.3332,55444252,0,42,6,1000.1313,2,,,0,0,0,0,4,v20,True,False
2,3,0,2026-08-12T03:35:36.323190900Z,92187940,2,6,6,4,1,42,3,6,06719550d979d46e,Kangaskhan / Crustle,678.0833,54318477,6,25,5,994.5161,3,3,3,1,1,1,0,6,v20,False,True
3,2,0,2026-08-12T03:39:37.525070Z,92188868,6,6,6,1,1,19,5,1,9714ab5c3996f6cc,Grimmsnarl (mirror),1037.4196,55407630,1,22,6,995.9777,5,3,3,0,1,2,0,11,v20,False,False
3,3,0,2026-08-12T03:43:36.906355400Z,92189837,14,4,14,3,3,28,15,2,9714ab5c3996f6cc,Grimmsnarl (mirror),997.1513,55401396,3,17,3,989.5328,9,2,7,1,1,3,1,19,v20,False,False
4,7,1,2026-08-12T03:47:36.500087400Z,92190746,5,5,5,1,3,18,4,2,6fa64c0e3b2eb67c,Mega Lopunny / Froslass,959.133,55429290,4,14,1,982.3822,9,3,3,0,0,7,1,17,v20,True,True
8,1,0,2026-08-12T03:51:36.281365800Z,92191615,14,14,14,4,1,27,7,5,cc38cb450b86770a,Alakazam,921.9007,55287546,6,25,1,988.9454,7,7,7,0,1,1,2,15,v20,False,True
4,3,0,2026-08-12T03:55:36.328347900Z,92192672,7,7,7,8,3,22,4,2,a7ee29914c1dce64,Mega Lopunny / Froslass,1008.8367,55431225,4,18,2,994.3233,6,4,4,2,0,3,1,12,v20,True,False
1,3,0,2026-08-12T04:03:36.199586300Z,92194308,2,4,4,3,2,23,3,1,927345d73c1a1614,Ogerpon,1017.2827,55447041,4,22,4,987.8504,4,2,2,2,1,2,0,9,v20,False,False
8,4,0,2026-08-13T09:52:18.017392300Z,92610837,9,9,9,1,3,21,8,1,9714ab5c3996f6cc,Grimmsnarl (mirror),,55479857,3,19,2,,8,5,5,0,0,4,1,16,v22_a,True,False
1,2,0,2026-08-13T09:55:37.324188700Z,92610946,3,3,3,4,1,37,,6,94350ed7ee3a80b1,Alakazam,724.634,55449636,6,32,4,600.0,3,2,2,1,1,2,1,5,v22_a,True,True
6,3,0,2026-08-13T09:59:37.595766500Z,92611852,5,5,5,7,2,20,2,4,cc38cb450b86770a,Alakazam,535.031,54689975,6,21,1,747.9714,5,3,3,1,0,3,0,9,v22_a,True,True
2,4,1,2026-08-13T10:03:37.786344300Z,92612806,4,4,4,3,2,27,9,5,c7f1cd6579e2b0e8,other: Team Rocket's Mewtwo ex,603.4732,54955274,6,23,1,794.9619,6,2,2,1,1,4,2,12,v22_a,False,True
8,1,0,2026-08-13T10:07:37.871980700Z,92613745,6,6,6,8,1,40,3,6,ee1681b277e66413,Archaludon,482.7813,54168653,6,29,4,838.5042,4,3,3,0,1,1,1,8,v22_a,False,True
6,6,1,2026-08-13T10:11:37.841158700Z,92614685,2,6,6,4,2,9,5,2,45fe95772327f96a,Kangaskhan / Crustle,722.3764,55452770,6,10,1,854.6615,8,3,3,2,1,5,1,16,v22_a,False,True
10,5,1,2026-08-13T10:15:37.327954600Z,92615639,5,5,5,7,3,13,2,1,2b6a7dd699d2b6a5,Archaludon,955.8469,55479757,6,10,2,896.9102,7,3,3,1,1,5,2,13,v22_a,True,True
2,4,0,2026-08-13T10:19:38.992092700Z,92616580,3,3,3,3,2,8,4,1,a665414222aea434,Alakazam,925.4335,54857797,5,22,4,960.2289,5,2,2,2,0,2,0,10,v22_a,True,False
1,5,0,2026-08-13T10:23:40.805602300Z,92617522,5,5,5,4,1,24,4,4,7fa65817cc79c36c,Alakazam,728.6774,55380932,4,17,1,905.7841,7,3,3,1,1,5,1,13,v22_a,True,True
8,4,1,2026-08-13T10:27:37.771280Z,92618462,5,5,5,0,2,35,2,5,f2cc4d01d1fab859,Dragapult,427.9847,55459789,6,21,1,926.5846,7,3,3,1,0,4,2,13,v22_a,True,True
2,3,1,2026-08-13T10:31:37.553782900Z,92619385,6,6,6,1,1,23,5,1,9714ab5c3996f6cc,Grimmsnarl (mirror),795.2256,55458998,5,23,5,928.9212,5,3,3,0,1,2,0,11,v22_a,False,False
6,4,1,2026-08-13T10:35:37.608809Z,92620337,6,6,6,5,3,30,3,3,cc38cb450b86770a,Alakazam,831.3654,55476081,6,15,1,873.7258,6,3,3,2,1,4,2,12,v22_a,False,True
3,3,0,2026-08-13T10:39:37.325733700Z,92621271,4,4,4,4,2,34,3,3,29929a763bf01096,Alakazam,897.1239,55455327,6,18,3,901.4505,4,2,2,1,1,3,2,8,v22_a,False,True
7,4,0,2026-08-13T10:43:39.618212300Z,92622204,4,4,4,2,3,12,5,1,d05bff224d40b9c6,Mega Lucario,569.4695,55380944,5,17,1,930.4266,6,2,2,2,1,4,1,12,v22_a,False,True
5,2,0,2026-08-13T10:47:38.479240900Z,92623138,8,8,8,4,2,14,3,1,cc38cb450b86770a,Alakazam,925.8515,55475151,5,18,3,934.6758,5,4,4,0,1,2,2,11,v22_a,False,False
4,4,2,2026-08-13T10:51:37.669582400Z,92624094,5,5,5,0,3,17,6,2,9714ab5c3996f6cc,Grimmsnarl (mirror),894.8804,55472854,2,15,2,908.1348,6,3,3,0,0,4,2,12,v22_a,True,False
7,5,2,2026-08-13T10:55:43.714214Z,92625043,6,6,6,0,3,15,9,2,9714ab5c3996f6cc,Grimmsnarl (mirror),1038.2313,55454605,3,19,1,883.3787,7,3,3,1,1,5,1,15,v22_a,False,False
11,3,0,2026-08-13T10:59:43.355096800Z,92626016,5,5,5,0,3,16,2,3,9714ab5c3996f6cc,Grimmsnarl (mirror),792.2905,55382726,5,20,1,871.7604,6,3,3,1,0,3,1,11,v22_a,True,True
4,3,1,2026-08-13T11:03:44.146264500Z,92626895,9,9,9,2,2,10,4,1,cc38cb450b86770a,Alakazam,891.9153,55470353,5,13,3,887.1202,7,5,5,1,0,3,2,14,v22_a,True,False
10,4,0,2026-08-13T11:07:42.587843500Z,92627855,5,5,5,5,2,17,2,3,a6535bbccddb9182,Mega Lucario,867.9465,54336897,6,22,1,868.0136,6,3,3,0,0,4,1,11,v22_a,True,True
5,6,0,2026-08-13T11:11:41.874145900Z,92628804,5,5,5,1,3,16,6,3,ebd4dbb270dce6a2,Archaludon,782.4416,54972308,6,19,1,886.2795,8,3,3,1,0,6,1,15,v22_a,True,True
12,7,0,2026-08-13T11:15:42.148351800Z,92629750,5,3,5,2,3,19,4,1,a7ee29914c1dce64,Mega Lopunny / Froslass,961.1291,55422703,6,10,3,897.6777,9,2,3,2,0,7,1,17,v22_a,True,True
4,4,0,2026-08-13T11:19:41.638047Z,92630690,2,6,6,6,2,13,3,3,cc38cb450b86770a,Alakazam,929.7572,55469191,6,18,2,917.846,5,3,3,1,1,3,2,10,v22_a,False,True
9,5,1,2026-08-13T11:23:44.642096700Z,92631643,3,5,7,1,2,15,2,3,ca9c3cd8f2088898,Dragapult,535.1242,55354124,6,21,1,933.7853,6,3,4,0,0,3,0,11,v22_a,True,True
8,4,1,2026-08-13T11:27:41.933135100Z,92632577,6,6,6,2,2,12,5,2,21c3f20980827cb2,Grimmsnarl (mirror),918.0973,55459465,4,19,1,935.3421,6,3,3,0,1,4,1,13,v22_a,False,False
3,6,0,2026-08-13T11:31:43.412999600Z,92633524,3,3,3,0,1,24,,6,aca0046b8db915cc,Grimmsnarl (mirror),887.2068,55473206,6,31,1,920.1058,7,2,2,1,0,6,1,13,v22_a,True,True
10,5,1,2026-08-13T11:35:41.887561700Z,92634432,5,5,5,0,3,18,4,1,9714ab5c3996f6cc,Grimmsnarl (mirror),826.8889,55478544,5,23,1,932.1288,7,3,3,0,0,5,0,13,v22_a,True,True
3,4,2,2026-08-13T11:39:41.719188100Z,92635367,5,3,5,2,2,25,4,3,cc38cb450b86770a,Alakazam,848.1306,55480054,5,9,1,912.7754,6,2,3,3,0,4,1,11,v22_a,True,True
0,4,1,2026-08-13T11:39:41.739379200Z,92635387,4,4,4,2,3,2,7,2,a9ef3854232dfae5,Alakazam,883.7502,55480275,5,20,3,940.643,5,2,2,1,1,4,0,11,v22_a,False,False
1,4,1,2026-08-13T11:43:43.701193600Z,92636318,4,4,4,2,3,20,3,1,cc38cb450b86770a,Alakazam,902.0468,55457116,5,19,2,925.8188,5,2,2,1,1,4,1,11,v22_a,False,False
7,1,0,2026-08-13T11:47:43.677579400Z,92637253,9,9,9,5,1,21,8,5,b97e551a32cdc3a8,other: Hydrapple ex,984.313,55462060,6,25,2,921.5837,5,5,5,0,0,1,1,10,v22_a,True,True
7,7,1,2026-08-13T11:51:41.720646300Z,92638214,2,6,6,4,1,30,5,3,1eda048ea3581634,Kangaskhan / Crustle,889.4513,55236172,6,9,3,947.7755,7,3,3,0,1,2,1,14,v22_a,False,True
9,5,1,2026-08-13T11:55:41.830635300Z,92639143,4,4,4,0,3,18,3,3,9714ab5c3996f6cc,Grimmsnarl (mirror),982.3497,55372662,5,18,1,935.2875,6,2,2,1,1,5,2,12,v22_a,False,True
0,2,0,2026-08-13T11:59:42.205090900Z,92640083,2,4,4,1,1,42,3,6,7e7bca6783abe61e,other: Mega Abomasnow ex,287.3067,54974347,4,35,6,955.9376,2,2,2,1,1,1,0,4,v22_a,False,True
7,4,1,2026-08-13T12:03:45.528828200Z,92641024,4,4,4,4,1,35,3,3,d6633d3760231fe7,Kangaskhan / Crustle,938.5691,55352918,5,18,4,955.989,6,2,2,1,1,3,2,12,v22_a,False,True
7,3,1,2026-08-13T12:07:42.536088800Z,92641973,4,4,4,3,1,11,7,1,cc38cb450b86770a,Alakazam,912.193,55395505,5,14,2,965.2463,8,2,2,3,1,3,2,17,v22_a,False,False
5,5,0,2026-08-13T12:11:42.795725700Z,92642829,5,7,7,6,3,9,6,1,cc38cb450b86770a,Alakazam,917.114,55422691,5,8,1,953.8129,7,4,4,2,0,3,1,13,v22_a,True,True
7,6,1,2026-08-13T12:15:41.866115300Z,92643843,5,5,5,0,3,4,4,3,e5c9f2b28c879f69,Dragapult,1018.8358,55468638,5,16,2,954.7254,8,3,3,0,0,6,2,15,v22_a,True,True
3,5,0,2026-08-13T12:19:42.043074700Z,92644773,3,5,5,1,3,22,6,2,9714ab5c3996f6cc,Grimmsnarl (mirror),1021.0118,55451784,5,12,2,961.8219,6,3,3,0,0,4,1,12,v22_a,True,False
4,4,0,2026-08-13T12:23:44.098673100Z,92645759,4,4,4,2,2,28,5,1,dfca0c2c2e73cd83,Dragapult,999.213,55465316,5,18,2,966.5497,5,2,2,1,1,4,1,10,v22_a,False,True
10,4,2,2026-08-13T12:27:42.170519600Z,92646648,6,4,6,0,2,21,5,4,7e240191ca77bda3,Grimmsnarl (mirror),595.3618,55459452,6,22,1,965.4633,6,2,3,1,1,4,1,12,v22_a,False,True
12,6,0,2026-08-13T12:31:42.317956900Z,92647393,6,6,6,0,3,9,5,1,a7ee29914c1dce64,Mega Lopunny / Froslass,1042.5118,55481866,5,13,2,975.8561,8,3,3,1,1,6,2,16,v22_a,False,True
16,12,1,2026-08-13T12:31:42.656207Z,92647581,6,8,8,2,2,7,5,1,2615cb184074e798,Kangaskhan / Crustle,973.5571,55457080,6,4,1,985.4574,15,4,4,2,1,10,0,30,v22_a,False,True
10,4,1,2026-08-13T12:35:42.003402500Z,92648514,6,6,6,0,3,23,5,1,9714ab5c3996f6cc,Grimmsnarl (mirror),962.3118,55300907,3,19,2,992.9371,6,3,3,1,1,4,2,12,v22_a,False,True
11,5,0,2026-08-13T12:47:42.504990300Z,92651224,3,3,3,0,3,3,2,3,a7ee29914c1dce64,Mega Lopunny / Froslass,992.8856,55472097,6,20,1,999.7141,7,2,2,3,0,5,1,13,v22_a,True,True
3,2,2,2026-08-13T13:10:16.461080200Z,92656510,5,5,5,0,1,23,4,1,9714ab5c3996f6cc,Grimmsnarl (mirror),,55483874,3,31,5,,5,3,3,0,0,2,1,10,v22_b,True,False
9,2,1,2026-08-13T13:11:41.800574500Z,92656601,8,8,8,5,1,17,3,3,036d381751b6ece8,Mega Lopunny / Froslass,612.4814,54463938,6,19,1,600.0,6,4,4,0,1,2,1,12,v22_b,False,True
0,1,0,2026-08-13T13:15:41.959705900Z,92657522,5,5,5,0,1,42,,6,65980f1c1e35b45d,Alakazam,698.3188,55327394,6,29,6,712.5123,3,3,3,1,0,1,0,5,v22_b,True,True
1,5,1,2026-08-13T13:19:44.094132600Z,92658471,3,3,3,2,1,34,2,5,603dca472e915d83,Mega Lucario,630.6019,55443288,6,16,1,805.0717,6,2,2,1,0,5,1,11,v22_b,True,True
0,3,1,2026-08-13T13:23:41.993775Z,92659405,3,5,5,3,1,9,2,2,ebd4dbb270dce6a2,Archaludon,798.3031,54987267,0,27,5,851.6277,6,3,3,0,1,2,0,12,v22_b,True,False
8,4,2,2026-08-13T13:27:44.332511100Z,92660365,6,6,6,0,3,19,5,3,9714ab5c3996f6cc,Grimmsnarl (mirror),833.0503,55312946,5,21,1,767.229,6,3,3,1,1,4,2,12,v22_b,False,True
8,5,1,2026-08-13T13:31:41.562184400Z,92661317,5,7,7,0,3,24,4,2,9714ab5c3996f6cc,Grimmsnarl (mirror),882.4722,55478416,4,20,2,841.252,7,4,4,1,0,4,2,13,v22_b,True,True
2,4,1,2026-08-13T13:35:41.819176600Z,92662264,3,3,3,1,2,19,4,2,9714ab5c3996f6cc,Grimmsnarl (mirror),888.5367,55347647,3,27,4,897.8829,5,2,2,1,0,4,2,10,v22_b,True,False
1,6,1,2026-08-13T13:39:41.670886800Z,92663236,2,6,6,5,1,27,11,5,cc38cb450b86770a,Alakazam,513.8171,55354361,6,19,1,853.8907,6,3,3,0,1,4,0,12,v22_b,False,True
9,6,2,2026-08-13T13:43:42.833999400Z,92664175,4,4,4,0,3,18,3,2,9714ab5c3996f6cc,Grimmsnarl (mirror),948.0082,55467130,5,14,1,888.3215,7,2,2,1,1,6,0,14,v22_b,False,True
5,3,1,2026-08-13T13:47:42.851344300Z,92665345,5,5,5,3,1,15,2,5,7fa65817cc79c36c,Alakazam,787.094,55479385,6,17,1,861.2563,6,3,3,2,1,3,0,11,v22_b,True,True
4,5,1,2026-08-13T13:51:41.509292300Z,92666088,3,3,3,2,3,20,4,1,9714ab5c3996f6cc,Grimmsnarl (mirror),949.2866,55445655,4,18,1,927.2859,6,2,2,2,0,5,2,12,v22_b,True,False
7,7,1,2026-08-13T13:55:47.910126300Z,92667041,3,5,5,9,3,11,4,1,a7ee29914c1dce64,Mega Lopunny / Froslass,858.7002,55440107,6,8,1,900.7005,8,3,3,2,0,6,2,15,v22_b,True,True
10,5,1,2026-08-13T13:59:46.629061800Z,92667978,6,6,6,1,2,16,5,2,9714ab5c3996f6cc,Grimmsnarl (mirror),850.9658,55371062,6,15,1,923.218,7,3,3,0,1,5,2,14,v22_b,False,True
2,4,0,2026-08-13T14:03:47.727755600Z,92668916,3,3,3,2,2,22,4,3,cc38cb450b86770a,Alakazam,923.3638,55444628,6,25,1,941.6484,7,2,2,1,0,4,1,13,v22_b,True,True
3,2,1,2026-08-13T14:07:46.537590300Z,92669860,6,6,6,5,2,18,3,2,97df7a2a423da1d8,Ogerpon,1016.2314,55450580,5,14,4,962.6883,4,3,3,1,1,2,2,9,v22_b,False,False
6,3,0,2026-08-13T14:11:46.601428900Z,92670803,4,4,4,3,1,12,3,5,cc38cb450b86770a,Alakazam,958.8572,55423662,6,22,1,945.5814,5,2,2,1,1,3,1,10,v22_b,False,True
7,4,0,2026-08-13T14:15:46.971340Z,92671748,6,6,6,2,1,2,3,2,cc38cb450b86770a,Alakazam,973.8074,55438724,6,16,1,966.0262,6,3,3,0,1,2,2,12,v22_b,False,True
1,3,1,2026-08-13T14:19:46.513217500Z,92672673,3,3,3,3,3,20,2,2,592ba6d36c438f88,Mega Lopunny / Froslass,1004.8677,55472923,5,13,3,984.7608,4,2,2,1,0,3,0,8,v22_b,True,False
0,3,1,2026-08-13T14:23:48.452903400Z,92673673,4,4,4,3,1,43,,6,cc38cb450b86770a,Alakazam,936.9024,55470232,6,27,4,968.8632,4,2,2,1,1,3,1,8,v22_b,False,True
6,5,2,2026-08-13T14:27:46.923162600Z,92674589,4,4,4,6,1,3,7,3,b1f287b8d98881f8,Alakazam,1027.1772,55478881,5,10,1,983.2124,7,2,2,2,1,4,2,14,v22_b,False,True
5,6,1,2026-08-13T14:31:46.824860800Z,92675511,5,5,5,1,2,2,2,2,a7ee29914c1dce64,Mega Lopunny / Froslass,1017.1542,55417796,4,14,2,970.7054,8,3,3,1,0,6,1,16,v22_b,True,False
3,4,1,2026-08-13T14:35:46.936238900Z,92676506,4,10,10,7,1,8,3,2,c3c16f0e65487ad6,Mega Lucario,734.5618,55471252,4,16,1,1000.9013,6,5,5,0,1,2,1,13,v22_b,False,False
11,5,0,2026-08-13T14:39:46.731652800Z,92677432,4,4,4,0,2,22,5,2,9714ab5c3996f6cc,Grimmsnarl (mirror),946.8826,55352762,5,16,1,959.3137,6,2,2,1,1,5,2,12,v22_b,False,True
3,4,1,2026-08-13T14:43:53.707652Z,92678380,3,3,3,5,2,28,4,4,cc38cb450b86770a,Alakazam,983.8616,55455390,6,20,1,971.7135,5,2,2,1,0,4,2,10,v22_b,True,True
1,6,0,2026-08-13T14:47:46.573141Z,92679101,2,4,4,5,1,38,,6,202ee2cec6cbe8b4,Dragapult,844.456,55445629,6,22,1,984.6586,6,2,2,1,1,5,0,12,v22_b,False,True
4,1,0,2026-08-13T14:51:47.967263300Z,92680243,5,5,5,9,1,33,2,6,3c412a8f12eabe8c,Archaludon,425.9386,54929072,6,22,6,991.2683,3,3,3,0,1,1,0,5,v22_b,True,True
4,4,0,2026-08-13T14:55:46.423934900Z,92681128,5,5,5,5,3,23,6,2,9714ab5c3996f6cc,Grimmsnarl (mirror),995.1799,55484274,4,14,1,991.4962,6,3,3,1,0,4,1,12,v22_b,True,False
4,2,0,2026-08-13T14:55:46.500051Z,92681172,5,5,5,0,1,14,2,1,202ee2cec6cbe8b4,Dragapult,967.9939,55480116,3,24,4,980.4546,5,3,3,0,0,2,2,10,v22_b,True,False
7,4,1,2026-08-13T14:59:47.201589400Z,92682163,5,5,5,0,2,31,6,4,9714ab5c3996f6cc,Grimmsnarl (mirror),907.1659,55484578,6,22,2,969.0016,6,3,3,1,0,4,2,11,v22_b,True,True
7,3,1,2026-08-13T15:03:49.706692300Z,92683107,6,6,6,5,2,4,3,3,cc38cb450b86770a,Alakazam,977.4167,55464069,6,18,1,977.1766,6,3,3,0,1,3,2,12,v22_b,False,True
10,5,1,2026-08-13T15:07:46.911304500Z,92684038,3,3,3,8,2,10,2,1,6fa64c0e3b2eb67c,Mega Lopunny / Froslass,992.0135,55476841,5,16,1,987.4568,7,2,2,1,0,5,1,14,v22_b,True,False
7,6,2,2026-08-13T15:11:47.000463300Z,92684939,3,3,3,0,2,16,6,6,21c3f20980827cb2,Grimmsnarl (mirror),1088.5426,55394382,6,21,1,977.7384,7,2,2,1,0,6,0,13,v22_b,True,True
11,2,1,2026-08-13T15:15:46.648427Z,92685907,9,7,9,8,2,7,6,6,202ee2cec6cbe8b4,Dragapult,1035.5526,55481404,6,21,2,991.4227,7,4,5,0,0,2,1,13,v22_b,True,True
13,4,2,2026-08-13T15:19:46.867514700Z,92686847,8,8,8,0,2,29,3,1,9714ab5c3996f6cc,Grimmsnarl (mirror),914.9155,55471418,5,13,1,1002.0546,7,4,4,1,1,4,2,14,v22_b,False,True
3,4,0,2026-08-13T15:23:47.512294800Z,92687848,5,5,5,1,3,28,2,1,a7ee29914c1dce64,Mega Lopunny / Froslass,1047.7272,55473378,5,19,1,1008.3255,6,3,3,1,0,4,1,12,v22_b,True,False
3,4,0,2026-08-13T15:27:50.552470700Z,92688404,5,5,5,7,1,24,4,6,8c194ba1f0107a4c,other: Cynthia's Garchomp ex,600.0,55486430,6,24,1,1000.8832,6,3,3,1,0,4,0,12,v22_b,True,True
4,4,0,2026-08-13T15:27:51.152962700Z,92688753,3,3,3,6,3,24,4,2,711c221c9cc49384,other: Fezandipiti ex,1019.1425,55477051,5,21,1,1002.25,5,2,2,4,0,4,2,9,v22_b,True,True
6,4,1,2026-08-13T15:35:46.476567600Z,92690307,8,8,8,3,2,15,7,2,9714ab5c3996f6cc,Grimmsnarl (mirror),1031.7178,55486258,5,19,1,1011.0825,7,4,4,0,1,4,2,14,v22_b,False,True
4,4,2,2026-08-13T15:36:01.310079100Z,92691061,7,7,7,1,3,19,2,1,9714ab5c3996f6cc,Grimmsnarl (mirror),,55486680,1,19,2,,7,4,4,1,0,4,2,14,v22_c,True,False
4,6,0,2026-08-13T15:39:46.661828100Z,92691203,3,3,3,0,3,32,2,3,7966c4f7fc827422,Archaludon,748.6483,55475219,6,19,1,738.2049,7,2,2,1,0,6,1,13,v22_c,True,True
6,4,1,2026-08-13T15:43:50.105002200Z,92692156,6,6,6,3,2,19,5,1,9714ab5c3996f6cc,Grimmsnarl (mirror),697.4333,55475706,5,17,1,600.0,7,3,3,0,1,4,2,14,v22_c,False,True
4,3,1,2026-08-13T15:47:50.817668500Z,92693065,6,4,6,2,2,11,5,3,cc38cb450b86770a,Alakazam,717.5747,55474401,5,21,1,836.9135,5,2,3,1,1,3,1,10,v22_c,False,True
0,3,0,2026-08-13T15:51:51.305110200Z,92694015,3,3,3,0,2,32,4,3,97df7a2a423da1d8,Ogerpon,941.3348,55222325,3,31,6,894.0081,4,2,2,1,0,3,0,7,v22_c,True,True
4,4,2,2026-08-13T15:55:46.317321Z,92694947,7,7,7,2,1,30,4,5,cc38cb450b86770a,Alakazam,905.9764,55422691,6,18,1,977.0194,7,4,4,1,0,4,1,13,v22_c,True,True
3,4,0,2026-08-13T15:59:46.788009700Z,92695888,3,3,3,0,1,21,6,6,b957f91298535456,Dipplin,992.3599,55480617,6,28,1,1025.2261,5,2,2,1,0,4,2,9,v22_c,True,True
8,3,1,2026-08-13T16:03:48.086035Z,92696827,6,6,6,0,2,19,3,2,a7ee29914c1dce64,Mega Lopunny / Froslass,1002.8731,55483292,5,28,3,1071.638,6,3,3,1,1,3,0,12,v22_c,False,True
6,4,1,2026-08-13T16:07:46.381643400Z,92697747,3,5,5,1,3,16,2,3,202ee2cec6cbe8b4,Dragapult,1097.5645,55472438,5,18,1,1106.6628,7,3,3,0,0,3,2,13,v22_c,True,True
3,4,0,2026-08-13T16:11:46.591230300Z,92698693,4,4,4,2,2,20,5,3,202ee2cec6cbe8b4,Dragapult,1081.8595,55484297,4,20,1,1100.3363,5,2,2,1,1,4,2,10,v22_c,False,True
3,5,0,2026-08-13T16:15:46.425544400Z,92699646,3,3,3,4,2,24,2,1,9714ab5c3996f6cc,Grimmsnarl (mirror),1066.1538,55470304,4,18,1,1144.9672,6,2,2,1,0,5,2,12,v22_c,True,False
4,4,0,2026-08-13T16:19:46.336591100Z,92700593,3,3,3,2,2,19,4,4,cc38cb450b86770a,Alakazam,978.3297,55476908,6,16,1,1128.9623,6,2,2,1,0,4,2,11,v22_c,True,True
15,4,1,2026-08-13T16:23:52.117177900Z,92701658,9,7,9,0,3,23,2,3,a7ee29914c1dce64,Mega Lopunny / Froslass,1099.8047,55481866,5,17,2,1144.2573,8,4,5,2,0,4,1,15,v22_c,True,True
0,3,2,2026-08-13T16:27:47.135361400Z,92702478,3,,,0,0,24,2,5,202ee2cec6cbe8b4,Dragapult,1160.4071,55456208,0,42,6,1166.4249,4,,,0,0,0,0,8,v22_c,True,False
8,2,0,2026-08-13T16:31:46.601379200Z,92703425,3,3,3,0,2,23,4,2,9714ab5c3996f6cc,Grimmsnarl (mirror),804.9956,55481750,4,29,2,1141.8322,5,2,2,2,0,2,0,9,v22_c,True,True
5,4,1,2026-08-13T16:35:46.501839Z,92704335,7,9,9,2,2,21,4,1,a7ee29914c1dce64,Mega Lopunny / Froslass,1094.7195,55481866,5,15,1,1145.9413,7,5,5,0,0,3,1,14,v22_c,True,False
5,4,2,2026-08-13T16:35:46.711356Z,92704474,3,3,3,0,2,18,8,4,202ee2cec6cbe8b4,Dragapult,1060.7804,55485728,5,21,1,1120.4915,6,2,2,1,0,4,1,11,v22_c,True,True
0,2,1,2026-08-13T16:39:46.517210200Z,92705291,5,5,5,0,3,20,6,2,e452d606e1029229,Alakazam,1132.8349,55485842,5,18,4,1136.2895,7,3,3,1,0,2,1,14,v22_c,True,False
3,3,1,2026-08-13T16:43:52.163561700Z,92706226,3,11,11,0,1,28,2,2,2b6a7dd699d2b6a5,Archaludon,734.7852,55319855,3,20,4,1117.6018,7,6,6,0,1,2,2,14,v22_c,True,False
7,3,1,2026-08-13T16:47:48.323368300Z,92707179,7,7,7,1,3,17,2,2,a7ee29914c1dce64,Mega Lopunny / Froslass,1046.6026,55478798,6,12,1,1071.0592,7,4,4,0,0,3,2,13,v22_c,True,True
3,5,1,2026-08-13T16:51:53.148010400Z,92708110,4,6,6,10,2,25,7,2,202ee2cec6cbe8b4,Dragapult,1036.4838,55474711,5,14,2,1086.5306,6,3,3,0,1,3,2,12,v22_c,False,True
8,3,0,2026-08-13T16:55:57.070370200Z,92709044,4,6,6,2,1,39,3,4,17d0bf4e19b3539c,other: Ethan's Typhlosion,587.6354,53795267,6,22,4,1085.862,6,3,3,0,1,2,2,12,v22_c,False,True
8,6,2,2026-08-13T16:59:57.131335900Z,92709986,4,4,4,0,2,16,3,1,9714ab5c3996f6cc,Grimmsnarl (mirror),1021.5688,55487080,3,17,1,1096.6863,7,2,2,1,1,6,1,14,v22_c,False,True
2,4,1,2026-08-13T17:04:01.455451400Z,92710917,4,4,4,2,2,13,5,1,202ee2cec6cbe8b4,Dragapult,1010.5195,55457414,3,11,2,1099.1843,5,2,2,1,1,4,2,11,v22_c,False,False
1,5,0,2026-08-13T17:04:01.503830800Z,92710940,2,8,8,7,3,15,3,2,6e5a0a56c7ef2514,other: Hydrapple ex,1150.3312,55486522,6,7,1,1079.767,6,4,4,2,1,3,2,12,v22_c,False,True
6,4,3,2026-08-13T17:07:57.904215500Z,92711899,5,5,5,0,3,23,6,6,9714ab5c3996f6cc,Grimmsnarl (mirror),985.2903,55478562,6,16,2,1106.0943,6,3,3,0,0,4,0,11,v22_c,True,True
1,3,0,2026-08-13T17:11:57.084444500Z,92712787,6,6,6,0,2,28,3,1,a2c42fb668c95e73,Alakazam,1117.2987,55472421,4,21,4,1113.7738,5,3,3,1,1,2,2,11,v22_c,False,False
7,2,1,2026-08-13T17:15:58.540412600Z,92713718,5,5,5,2,1,19,2,1,42972e2eccd5e0aa,Dragapult,1108.7972,55470068,4,20,3,1101.7798,6,3,3,0,0,2,2,12,v22_c,True,False
7,3,1,2026-08-13T17:19:58.800144800Z,92714638,5,5,5,8,2,6,4,1,97df7a2a423da1d8,Ogerpon,1062.5762,55480716,4,18,2,1090.4226,6,3,3,1,0,2,0,12,v22_c,True,False
13,8,1,2026-08-13T17:23:58.235624200Z,92715668,4,6,6,2,2,22,3,4,45fe95772327f96a,Kangaskhan / Crustle,1030.2646,55483539,6,9,3,1078.1526,10,3,3,2,1,7,2,20,v22_c,False,True
7,5,2,2026-08-13T17:27:58.655417100Z,92716501,5,5,5,4,2,17,6,1,21c3f20980827cb2,Grimmsnarl (mirror),1084.2362,55394382,4,20,1,1087.0595,8,3,3,0,0,5,0,16,v22_c,True,False
7,2,0,2026-08-13T17:31:57.216772400Z,92717430,10,10,10,1,1,24,5,1,9714ab5c3996f6cc,Grimmsnarl (mirror),1062.5651,55470304,3,23,6,1076.5876,6,5,5,1,1,2,2,13,v22_c,False,False
1,1,0,2026-08-13T17:35:57.866796200Z,92718368,2,,,2,0,33,3,1,56fc5ee60f353d0f,Dipplin,1003.3748,55469116,3,27,6,1066.0888,3,,,0,1,0,0,7,v22_c,False,False
10,5,0,2026-08-13T17:39:57.709364800Z,92719304,6,6,6,0,2,4,7,5,202ee2cec6cbe8b4,Dragapult,956.0851,55487952,6,25,1,1054.1806,7,3,3,1,1,5,2,14,v22_c,False,True
2,4,0,2026-08-13T17:43:59.805685100Z,92720231,4,4,4,1,3,21,5,1,9714ab5c3996f6cc,Grimmsnarl (mirror),981.4707,55478562,3,19,5,1060.2491,5,2,2,1,1,4,1,11,v22_c,False,False
7,5,0,2026-08-13T17:47:58.306768700Z,92721178,3,3,3,0,2,27,2,5,9714ab5c3996f6cc,Grimmsnarl (mirror),1014.122,55470423,6,20,1,1048.5518,6,2,2,2,0,5,1,11,v22_c,True,True
9,3,1,2026-08-13T17:51:57.783912100Z,92722119,6,6,6,3,1,23,3,1,a7ee29914c1dce64,Mega Lopunny / Froslass,1062.8178,55433719,4,20,6,1056.2164,6,3,3,1,1,2,1,13,v22_c,False,False
4,3,0,2026-08-13T17:55:57.653567500Z,92723046,4,4,4,7,3,10,7,2,97df7a2a423da1d8,Ogerpon,988.5071,55451490,5,6,2,1047.9409,6,2,2,2,1,3,3,13,v22_c,False,False
4,2,1,2026-08-13T17:59:57.431240700Z,92723988,6,6,6,8,2,14,3,1,8082e8c9bf7a67b4,Ogerpon,996.0422,55235071,4,17,2,1037.8669,5,3,3,1,1,2,1,11,v22_c,False,False
4,0,2,2026-08-13T18:03:59.827363500Z,92724933,,,,0,0,16,3,1,202ee2cec6cbe8b4,Dragapult,1016.3436,55457414,1,35,6,1028.656,8,,,1,1,0,1,17,v22_c,False,False
3,3,0,2026-08-13T18:07:57.343251300Z,92725901,5,5,5,0,2,23,4,1,9714ab5c3996f6cc,Grimmsnarl (mirror),1005.3327,55480783,2,24,4,1020.5812,5,3,3,1,0,3,1,10,v22_c,True,False
14,2,1,2026-08-13T18:40:50.891500100Z,92732440,9,9,9,7,1,31,6,4,4717e5f31ba694d4,Kangaskhan / Crustle,1006.1884,55481763,6,16,1,1012.6796,7,5,5,1,0,2,2,13,v22_c,True,True
7,3,1,2026-08-13T18:56:52.007387300Z,92736142,4,4,4,5,3,15,5,1,cc38cb450b86770a,Alakazam,995.2032,55485252,5,19,1,1019.7796,5,2,2,1,1,3,2,10,v22_c,False,True
8,5,1,2026-08-13T19:20:51.349742100Z,92741679,2,4,4,5,3,12,3,3,cc38cb450b86770a,Alakazam,944.9866,55378303,6,14,1,1026.2324,6,2,2,1,1,4,1,12,v22_c,False,True
4,6,0,2026-08-13T19:42:55.094594300Z,92746237,2,6,6,1,2,17,5,1,9714ab5c3996f6cc,Grimmsnarl (mirror),956.3988,55443555,2,19,2,1031.2674,6,3,3,1,1,4,0,13,v22_c,False,False
8,5,0,2026-08-13T20:02:57.596013Z,92750659,4,4,4,1,3,16,3,3,9714ab5c3996f6cc,Grimmsnarl (mirror),984.96,55489859,5,17,1,1022.5124,6,2,2,1,1,5,0,12,v22_c,False,True
9,5,0,2026-08-13T20:22:57.532732300Z,92755592,7,5,7,0,3,16,6,2,9714ab5c3996f6cc,Grimmsnarl (mirror),986.8414,55348111,5,15,1,1028.0354,8,3,4,0,0,5,0,15,v22_c,True,True
14,1,2,2026-08-13T20:42:57.316245200Z,92760159,14,14,14,3,1,24,5,1,4717e5f31ba694d4,Kangaskhan / Crustle,1028.2847,55469066,3,10,5,1033.5793,14,7,7,0,1,1,1,29,v22_c,False,False
2,3,0,2026-08-13T21:06:56.281758400Z,92765712,6,6,6,0,3,30,3,2,9714ab5c3996f6cc,Grimmsnarl (mirror),1016.8163,55487305,3,19,4,1027.1176,5,3,3,1,1,3,2,11,v22_c,False,False
8,2,1,2026-08-13T21:18:56.457325800Z,92768266,10,10,10,5,2,20,3,4,202ee2cec6cbe8b4,Dragapult,1065.5299,55489068,5,15,1,1020.7161,6,5,5,0,1,2,2,12,v22_c,False,True
5,2,0,2026-08-13T21:50:56.922171700Z,92775867,8,8,8,4,1,43,5,4,d596ab33374df85f,Kangaskhan / Crustle,1025.5622,55490646,6,19,6,1027.7561,5,4,4,0,1,2,2,10,v22_c,False,True
4,8,2,2026-08-13T22:12:39.441690200Z,92780490,4,4,4,3,2,23,7,2,45fe95772327f96a,Kangaskhan / Crustle,1011.0004,55483539,5,9,2,1033.5315,9,2,2,1,1,7,1,19,v22_c,False,False
4,5,1,2026-08-13T22:12:39.473905100Z,92780529,3,7,7,5,2,7,2,1,202ee2cec6cbe8b4,Dragapult,1134.2696,55487406,3,17,1,1027.2735,7,4,4,0,0,4,1,13,v22_c,True,True
7,4,0,2026-08-13T22:24:39.162177700Z,92782964,4,4,4,0,3,27,7,4,9714ab5c3996f6cc,Grimmsnarl (mirror),1014.5928,55491607,6,21,1,1035.3111,6,2,2,2,1,4,1,12,v22_c,False,True
1,3,1,2026-08-13T22:36:40.852335900Z,92785961,2,6,6,0,1,29,3,1,6fa64c0e3b2eb67c,Mega Lopunny / Froslass,998.969,55490240,2,24,5,1040.1002,6,3,3,2,1,2,2,13,v22_c,False,False
1,3,0,2026-08-13T23:08:41.759967200Z,92793452,4,8,8,2,1,27,3,1,f28177e6f00410a7,Kangaskhan / Crustle,1111.89,55481059,1,30,6,1033.8361,5,4,4,0,1,1,0,11,v22_c,False,False
3,0,1,2026-08-13T23:24:39.407939100Z,92796913,,,,2,0,20,3,1,82879abd3807469b,other: Arboliva ex,1058.3348,55492347,4,23,6,1029.9254,6,,,0,1,0,0,13,v22_c,False,False
4,4,0,2026-08-13T23:32:39.242639900Z,92798770,3,5,5,0,2,21,2,1,202ee2cec6cbe8b4,Dragapult,1020.2028,55492091,2,19,4,1025.5181,5,3,3,0,0,3,2,10,v22_c,True,False
8,3,1,2026-08-13T15:36:38.858658500Z,92691101,3,3,3,6,2,29,4,4,9714ab5c3996f6cc,Grimmsnarl (mirror),,55486691,6,24,2,,5,2,2,1,0,3,1,9,v22_d,True,True
5,4,1,2026-08-13T15:39:46.662512400Z,92691205,6,6,6,1,3,11,5,1,d05bff224d40b9c6,Mega Lucario,608.1692,53763244,6,20,1,600.0,6,3,3,0,1,4,1,12,v22_d,False,True
10,3,1,2026-08-13T15:43:50.083183200Z,92692137,5,5,5,5,1,16,2,4,5979812c5a24e879,other: Dudunsparce,714.6579,55482736,6,17,1,711.2227,6,3,3,0,0,3,0,11,v22_d,True,True
6,6,0,2026-08-13T15:47:50.832912600Z,92693079,3,3,3,1,3,9,4,1,2b6a7dd699d2b6a5,Archaludon,801.8775,55399493,5,21,3,807.638,7,2,2,1,0,6,2,14,v22_d,True,False
5,5,0,2026-08-13T15:47:51.000790900Z,92693192,3,3,3,0,3,11,2,2,c3c16f0e65487ad6,Mega Lucario,910.1775,55486120,5,18,1,722.0082,6,2,2,1,0,5,2,11,v22_d,True,True
8,5,1,2026-08-13T15:51:51.364369100Z,92694031,7,7,7,0,3,9,8,3,9714ab5c3996f6cc,Grimmsnarl (mirror),845.3073,55444099,5,18,1,833.0735,8,4,4,3,0,5,0,15,v22_d,True,True
8,2,1,2026-08-13T15:55:46.343039600Z,92694969,7,7,7,4,2,19,4,2,65980f1c1e35b45d,Alakazam,869.144,55482326,5,18,2,896.4275,5,4,4,1,0,2,2,9,v22_d,True,True
4,4,0,2026-08-13T15:59:46.804832800Z,92695903,4,4,4,2,2,16,3,3,e452d606e1029229,Alakazam,912.2911,55435619,6,17,1,942.419,5,2,2,1,1,4,2,10,v22_d,False,True
1,4,1,2026-08-13T16:03:48.100705900Z,92696837,5,3,5,0,1,26,4,4,cc38cb450b86770a,Alakazam,945.4784,55478302,4,28,1,982.0116,6,2,3,1,0,4,1,11,v22_d,True,True
6,5,1,2026-08-13T16:07:46.417657800Z,92697765,7,7,7,1,3,11,6,1,6ef5d9bc5407f2ae,Grimmsnarl (mirror),941.3968,55441101,3,13,1,1015.7377,8,4,4,0,0,5,2,16,v22_d,True,False
2,3,1,2026-08-13T16:11:46.619646300Z,92698721,8,8,8,0,2,17,7,2,9714ab5c3996f6cc,Grimmsnarl (mirror),935.5164,55473460,3,26,3,972.525,6,4,4,0,1,3,0,13,v22_d,False,False
6,3,0,2026-08-13T16:11:46.680252500Z,92698755,5,5,5,2,2,8,2,1,dfca0c2c2e73cd83,Dragapult,985.3695,55486051,4,22,2,965.5802,5,3,3,1,0,3,1,10,v22_d,True,False
6,4,2,2026-08-13T16:15:46.555103500Z,92699679,4,4,4,0,3,19,3,2,9714ab5c3996f6cc,Grimmsnarl (mirror),936.7265,55416382,6,18,1,938.5004,5,2,2,1,1,4,0,10,v22_d,False,True
6,5,1,2026-08-13T16:19:46.381564400Z,92700621,5,5,5,0,3,9,2,1,05f854e1b3b3ba0f,Mega Lucario,929.2763,55474870,5,16,3,943.251,7,3,3,2,0,5,2,13,v22_d,True,True
8,6,1,2026-08-13T16:23:51.878292600Z,92701678,5,5,5,5,3,7,6,1,f230a047275c91a4,Archaludon,701.6773,54980667,5,15,1,965.128,9,3,3,1,0,5,1,17,v22_d,True,True
5,3,1,2026-08-13T16:27:47.196174600Z,92702513,3,3,3,4,3,11,2,1,f39b7a1dd837f526,other: Hydrapple ex,929.4623,55482623,5,13,2,990.5822,5,2,2,2,0,3,1,10,v22_d,True,False
14,9,2,2026-08-13T16:27:47.246910300Z,92702559,2,4,4,3,1,26,3,3,cf8fcd7f8faf7330,Kangaskhan / Crustle,958.4412,55486112,6,8,3,971.428,9,2,2,1,1,7,2,18,v22_d,False,True
6,4,1,2026-08-13T16:31:46.642040100Z,92703471,4,8,8,5,2,12,3,2,0dede7cb8026e473,Ogerpon,958.606,55421138,5,16,2,967.1745,5,4,4,0,1,2,2,11,v22_d,False,False
11,3,0,2026-08-13T16:35:46.605505900Z,92704403,8,8,8,2,2,14,9,5,9714ab5c3996f6cc,Grimmsnarl (mirror),869.1837,55468194,5,26,1,948.6298,6,4,4,1,1,3,0,12,v22_d,False,True
5,4,0,2026-08-13T16:39:46.578422200Z,92705338,6,6,6,1,2,22,3,1,9714ab5c3996f6cc,Grimmsnarl (mirror),840.4029,55476517,3,20,3,961.0671,6,3,3,0,1,4,2,13,v22_d,False,False
1,3,0,2026-08-13T16:43:52.253506Z,92706281,4,4,4,0,2,22,3,1,9714ab5c3996f6cc,Grimmsnarl (mirror),962.1001,55405324,2,32,4,937.7797,4,2,2,1,1,3,0,9,v22_d,False,False
5,2,2,2026-08-13T16:47:48.457343800Z,92707228,6,6,6,9,1,27,3,3,3e49c90e4b89c580,Dipplin,1019.4073,55486371,6,20,1,923.9919,5,3,3,1,1,2,2,10,v22_d,False,True
10,2,1,2026-08-13T16:47:48.460612500Z,92707230,9,9,9,8,1,8,8,5,cc38cb450b86770a,Alakazam,896.8983,55462568,6,27,1,942.927,6,5,5,0,0,2,0,11,v22_d,True,True
14,5,1,2026-08-13T16:47:48.484584400Z,92707249,5,5,5,0,2,11,4,4,a7ee29914c1dce64,Mega Lopunny / Froslass,977.5818,55486209,6,21,3,954.3462,7,3,3,1,0,5,0,13,v22_d,True,True
2,3,1,2026-08-13T16:51:53.253767300Z,92708171,5,5,5,3,3,16,4,1,97df7a2a423da1d8,Ogerpon,971.9079,55384638,4,14,4,968.0859,5,3,3,0,0,3,2,10,v22_d,True,False
5,3,2,2026-08-13T16:55:57.219898600Z,92709113,5,5,5,5,3,20,2,3,cc38cb450b86770a,Alakazam,929.56,55470907,6,14,1,955.8504,6,3,3,1,0,3,2,11,v22_d,True,True
3,4,0,2026-08-13T16:59:57.250288600Z,92710059,3,3,3,3,2,17,8,4,8d3a8feb6bf84019,Dipplin,1018.0423,55468915,5,34,1,966.614,5,2,2,1,0,4,0,9,v22_d,True,True
6,3,0,2026-08-13T16:59:57.275020Z,92710066,5,5,5,2,2,17,2,3,e452d606e1029229,Alakazam,1008.7302,55486115,6,15,1,966.3551,5,3,3,0,0,3,1,9,v22_d,True,True
8,4,1,2026-08-13T17:04:01.566390100Z,92710994,5,5,5,1,2,16,2,1,a7ee29914c1dce64,Mega Lopunny / Froslass,909.8915,55451116,5,14,4,980.1787,6,3,3,1,0,3,2,12,v22_d,True,False
3,3,1,2026-08-13T17:07:57.907598400Z,92711884,5,5,5,1,1,19,4,2,9714ab5c3996f6cc,Grimmsnarl (mirror),953.7054,55254847,2,25,5,978.2381,5,3,3,2,0,3,1,10,v22_d,True,False
10,7,0,2026-08-13T17:11:57.218015900Z,92712875,3,9,9,6,2,29,2,1,8f6a9933322de8f8,Kangaskhan / Crustle,966.4511,55472381,3,12,6,967.2586,9,5,5,0,1,5,2,18,v22_d,True,False
10,3,2,2026-08-13T17:15:58.734537600Z,92713807,6,6,6,3,2,15,3,2,cc38cb450b86770a,Alakazam,978.4451,55438724,6,16,1,957.5361,6,3,3,1,1,3,2,12,v22_d,False,True
7,4,1,2026-08-13T17:19:58.917972600Z,92714722,5,5,5,0,2,22,4,2,9714ab5c3996f6cc,Grimmsnarl (mirror),963.445,55418438,4,21,1,967.6284,6,3,3,0,0,4,2,12,v22_d,True,False
6,4,1,2026-08-13T17:23:57.909389900Z,92715554,3,3,3,8,2,16,2,1,b1f287b8d98881f8,Alakazam,944.8493,55487792,5,10,1,958.4364,6,2,2,1,0,2,2,12,v22_d,True,False
6,3,0,2026-08-13T17:27:58.947282Z,92716602,3,15,15,0,1,9,2,1,8055443275c86105,Dragapult,641.6728,53904905,2,22,4,949.9345,8,8,8,1,0,1,1,16,v22_d,True,False
6,3,1,2026-08-13T17:31:57.165285700Z,92717397,7,7,7,4,2,12,10,3,cd648ee13c732a87,Dragapult,896.1862,55487288,5,13,1,930.1209,7,4,4,0,0,3,0,13,v22_d,True,True
15,4,3,2026-08-13T18:07:57.451929400Z,92725978,10,10,10,5,1,26,9,5,d8e9c2a36e0e4dea,Kangaskhan / Crustle,1020.6687,55484422,6,11,3,937.1589,9,5,5,0,1,4,2,18,v22_d,False,True
1,3,0,2026-08-13T18:44:51.447718300Z,92733385,6,6,6,2,3,8,3,1,cc38cb450b86770a,Alakazam,922.9541,55096883,5,13,2,947.5839,5,3,3,1,1,3,2,11,v22_d,False,False
2,4,0,2026-08-13T19:20:51.415505500Z,92741712,5,5,7,2,2,14,2,6,21846ab63620dc55,other: Brambleghast,864.0756,55425060,6,2,2,939.156,6,3,4,1,0,3,1,12,v22_d,True,False
5,5,0,2026-08-13T19:24:51.148218800Z,92742303,6,6,6,0,3,10,9,1,9714ab5c3996f6cc,Grimmsnarl (mirror),964.9852,55489643,4,21,1,929.4933,7,3,3,0,1,5,1,14,v22_d,False,True
4,3,0,2026-08-13T19:34:54.609769400Z,92744490,7,7,7,2,2,31,10,6,d6c1c4c446b3ec30,other: Fezandipiti ex,696.1427,55485769,6,19,1,936.993,6,4,4,2,0,3,0,11,v22_d,True,True
11,7,2,2026-08-13T20:06:56.336515700Z,92751777,2,4,4,0,3,6,3,1,504b91f7a078d9b5,Mega Lopunny / Froslass,992.3445,55258385,5,12,2,939.2648,7,2,2,1,1,6,1,14,v22_d,False,True
0,4,2,2026-08-13T20:42:57.316212900Z,92760160,3,3,3,4,2,19,4,1,b15643af0442e0bc,other: Team Rocket's Mewtwo ex,930.9674,55486363,0,32,4,947.6943,6,2,2,2,0,3,0,12,v22_d,True,False
6,6,2,2026-08-13T21:18:56.889403300Z,92768436,3,13,13,7,1,22,4,6,1eda048ea3581634,Kangaskhan / Crustle,970.3624,55481966,6,18,3,940.4918,8,7,7,0,0,1,1,15,v22_d,True,True
4,2,1,2026-08-13T21:46:56.330724300Z,92774872,4,4,4,2,2,15,3,2,cc38cb450b86770a,Alakazam,966.1039,55478539,4,23,3,947.857,4,2,2,1,1,2,1,9,v22_d,False,False
3,5,2,2026-08-13T22:16:42.396676100Z,92781439,3,3,3,0,3,19,4,1,9714ab5c3996f6cc,Grimmsnarl (mirror),917.2434,55481714,2,18,2,941.7955,6,2,2,1,0,5,2,12,v22_d,True,False
12,4,2,2026-08-13T23:00:39.878967400Z,92791598,5,5,5,0,3,12,6,4,9714ab5c3996f6cc,Grimmsnarl (mirror),908.4185,55476386,6,18,1,934.9001,7,3,3,1,0,4,0,13,v22_d,True,True
10,4,1,2026-08-13T23:08:41.575815100Z,92793178,3,3,3,3,2,30,6,1,9714ab5c3996f6cc,Grimmsnarl (mirror),959.4206,55491287,5,21,1,940.5057,6,2,2,1,0,4,3,11,v22_d,True,True
