matchup,game,seat0,seat1,winner,result,error_agent,error_type,illegal_agent,elapsed_ms,moves_seat0,moves_seat1,time_seat0_ms,time_seat1_ms
.\agents\grimmsnarl\grimmsnarl_ml_v2__vs__.\experiments\grimmsnarl_ml_v2\baseline_agent_tmp\agents\grimmsnarl\grimmsnarl_ml_v2,1,.\agents\grimmsnarl\grimmsnarl_ml_v2,.\experiments\grimmsnarl_ml_v2\baseline_agent_tmp\agents\grimmsnarl\grimmsnarl_ml_v2,.\experiments\grimmsnarl_ml_v2\baseline_agent_tmp\agents\grimmsnarl\grimmsnarl_ml_v2,win,,,,5904.069399985019,100,149,2348.8204996683635,3430.0936996005476
.\agents\grimmsnarl\grimmsnarl_ml_v2__vs__.\experiments\grimmsnarl_ml_v2\baseline_agent_tmp\agents\grimmsnarl\grimmsnarl_ml_v2,2,.\experiments\grimmsnarl_ml_v2\baseline_agent_tmp\agents\grimmsnarl\grimmsnarl_ml_v2,.\agents\grimmsnarl\grimmsnarl_ml_v2,.\agents\grimmsnarl\grimmsnarl_ml_v2,win,,,,5274.743299989495,71,116,1804.908099991735,3375.1685999450274
.\agents\grimmsnarl\grimmsnarl_ml_v2__vs__.\experiments\grimmsnarl_ml_v2\baseline_agent_tmp\agents\grimmsnarl\grimmsnarl_ml_v2,3,.\agents\grimmsnarl\grimmsnarl_ml_v2,.\experiments\grimmsnarl_ml_v2\baseline_agent_tmp\agents\grimmsnarl\grimmsnarl_ml_v2,.\agents\grimmsnarl\grimmsnarl_ml_v2,win,,,,6961.342299997341,125,124,3705.581900489051,3120.710400340613
.\agents\grimmsnarl\grimmsnarl_ml_v2__vs__.\experiments\grimmsnarl_ml_v2\baseline_agent_tmp\agents\grimmsnarl\grimmsnarl_ml_v2,4,.\experiments\grimmsnarl_ml_v2\baseline_agent_tmp\agents\grimmsnarl\grimmsnarl_ml_v2,.\agents\grimmsnarl\grimmsnarl_ml_v2,.\agents\grimmsnarl\grimmsnarl_ml_v2,win,,,,5445.528899959754,94,117,1998.2048996607773,3337.162999960128
.\agents\grimmsnarl\grimmsnarl_ml_v2__vs__.\experiments\grimmsnarl_ml_v2\baseline_agent_tmp\agents\grimmsnarl\grimmsnarl_ml_v2,5,.\agents\grimmsnarl\grimmsnarl_ml_v2,.\experiments\grimmsnarl_ml_v2\baseline_agent_tmp\agents\grimmsnarl\grimmsnarl_ml_v2,.\experiments\grimmsnarl_ml_v2\baseline_agent_tmp\agents\grimmsnarl\grimmsnarl_ml_v2,win,,,,5929.7404999961145,84,132,2208.526999806054,3602.4132997263223
.\agents\grimmsnarl\grimmsnarl_ml_v2__vs__.\experiments\grimmsnarl_ml_v2\baseline_agent_tmp\agents\grimmsnarl\grimmsnarl_ml_v2,6,.\experiments\grimmsnarl_ml_v2\baseline_agent_tmp\agents\grimmsnarl\grimmsnarl_ml_v2,.\agents\grimmsnarl\grimmsnarl_ml_v2,.\agents\grimmsnarl\grimmsnarl_ml_v2,win,,,,4310.963700001594,75,105,1393.1671002064832,2823.373400082346
.\agents\grimmsnarl\grimmsnarl_ml_v2__vs__.\experiments\grimmsnarl_ml_v2\baseline_agent_tmp\agents\grimmsnarl\grimmsnarl_ml_v2,7,.\agents\grimmsnarl\grimmsnarl_ml_v2,.\experiments\grimmsnarl_ml_v2\baseline_agent_tmp\agents\grimmsnarl\grimmsnarl_ml_v2,.\experiments\grimmsnarl_ml_v2\baseline_agent_tmp\agents\grimmsnarl\grimmsnarl_ml_v2,win,,,,5181.561900011729,110,107,2813.9738999307156,2256.820200069342
.\agents\grimmsnarl\grimmsnarl_ml_v2__vs__.\experiments\grimmsnarl_ml_v2\baseline_agent_tmp\agents\grimmsnarl\grimmsnarl_ml_v2,8,.\experiments\grimmsnarl_ml_v2\baseline_agent_tmp\agents\grimmsnarl\grimmsnarl_ml_v2,.\agents\grimmsnarl\grimmsnarl_ml_v2,.\experiments\grimmsnarl_ml_v2\baseline_agent_tmp\agents\grimmsnarl\grimmsnarl_ml_v2,win,,,,6695.826000010129,120,121,3106.2169001088478,3460.095700342208
.\agents\grimmsnarl\grimmsnarl_ml_v2__vs__.\experiments\grimmsnarl_ml_v2\baseline_agent_tmp\agents\grimmsnarl\grimmsnarl_ml_v2,9,.\agents\grimmsnarl\grimmsnarl_ml_v2,.\experiments\grimmsnarl_ml_v2\baseline_agent_tmp\agents\grimmsnarl\grimmsnarl_ml_v2,.\experiments\grimmsnarl_ml_v2\baseline_agent_tmp\agents\grimmsnarl\grimmsnarl_ml_v2,win,,,,4528.650899999775,89,105,2264.0212001278996,2178.023600252345
.\agents\grimmsnarl\grimmsnarl_ml_v2__vs__.\experiments\grimmsnarl_ml_v2\baseline_agent_tmp\agents\grimmsnarl\grimmsnarl_ml_v2,10,.\experiments\grimmsnarl_ml_v2\baseline_agent_tmp\agents\grimmsnarl\grimmsnarl_ml_v2,.\agents\grimmsnarl\grimmsnarl_ml_v2,.\agents\grimmsnarl\grimmsnarl_ml_v2,win,,,,8866.885000024922,159,179,4044.766000006348,4651.081099989824
.\agents\grimmsnarl\grimmsnarl_ml_v2__vs__.\experiments\grimmsnarl_ml_v2\baseline_agent_tmp\agents\grimmsnarl\grimmsnarl_ml_v2,11,.\agents\grimmsnarl\grimmsnarl_ml_v2,.\experiments\grimmsnarl_ml_v2\baseline_agent_tmp\agents\grimmsnarl\grimmsnarl_ml_v2,.\experiments\grimmsnarl_ml_v2\baseline_agent_tmp\agents\grimmsnarl\grimmsnarl_ml_v2,win,,,,3777.0443999907,76,95,1750.0826996401884,1944.4246997591108
.\agents\grimmsnarl\grimmsnarl_ml_v2__vs__.\experiments\grimmsnarl_ml_v2\baseline_agent_tmp\agents\grimmsnarl\grimmsnarl_ml_v2,12,.\experiments\grimmsnarl_ml_v2\baseline_agent_tmp\agents\grimmsnarl\grimmsnarl_ml_v2,.\agents\grimmsnarl\grimmsnarl_ml_v2,.\agents\grimmsnarl\grimmsnarl_ml_v2,win,,,,4514.431299990974,80,107,1605.238499760162,2821.7822998412885
.\agents\grimmsnarl\grimmsnarl_ml_v2__vs__.\experiments\grimmsnarl_ml_v2\baseline_agent_tmp\agents\grimmsnarl\grimmsnarl_ml_v2,13,.\agents\grimmsnarl\grimmsnarl_ml_v2,.\experiments\grimmsnarl_ml_v2\baseline_agent_tmp\agents\grimmsnarl\grimmsnarl_ml_v2,.\agents\grimmsnarl\grimmsnarl_ml_v2,win,,,,6225.096100009978,136,84,3804.526100109797,2302.119300235063
.\agents\grimmsnarl\grimmsnarl_ml_v2__vs__.\experiments\grimmsnarl_ml_v2\baseline_agent_tmp\agents\grimmsnarl\grimmsnarl_ml_v2,14,.\experiments\grimmsnarl_ml_v2\baseline_agent_tmp\agents\grimmsnarl\grimmsnarl_ml_v2,.\agents\grimmsnarl\grimmsnarl_ml_v2,.\agents\grimmsnarl\grimmsnarl_ml_v2,win,,,,5499.90999995498,87,118,1922.6345998467878,3476.8094998435117
.\agents\grimmsnarl\grimmsnarl_ml_v2__vs__.\experiments\grimmsnarl_ml_v2\baseline_agent_tmp\agents\grimmsnarl\grimmsnarl_ml_v2,15,.\agents\grimmsnarl\grimmsnarl_ml_v2,.\experiments\grimmsnarl_ml_v2\baseline_agent_tmp\agents\grimmsnarl\grimmsnarl_ml_v2,.\agents\grimmsnarl\grimmsnarl_ml_v2,win,,,,4716.702500008978,107,59,3106.965299579315,1523.012099787593
.\agents\grimmsnarl\grimmsnarl_ml_v2__vs__.\experiments\grimmsnarl_ml_v2\baseline_agent_tmp\agents\grimmsnarl\grimmsnarl_ml_v2,16,.\experiments\grimmsnarl_ml_v2\baseline_agent_tmp\agents\grimmsnarl\grimmsnarl_ml_v2,.\agents\grimmsnarl\grimmsnarl_ml_v2,.\experiments\grimmsnarl_ml_v2\baseline_agent_tmp\agents\grimmsnarl\grimmsnarl_ml_v2,win,,,,4832.6904000132345,121,82,2572.995199880097,2159.5742001663893
.\agents\grimmsnarl\grimmsnarl_ml_v2__vs__.\experiments\grimmsnarl_ml_v2\baseline_agent_tmp\agents\grimmsnarl\grimmsnarl_ml_v2,17,.\agents\grimmsnarl\grimmsnarl_ml_v2,.\experiments\grimmsnarl_ml_v2\baseline_agent_tmp\agents\grimmsnarl\grimmsnarl_ml_v2,.\agents\grimmsnarl\grimmsnarl_ml_v2,win,,,,5973.147200013045,113,92,3524.093299987726,2342.5156002049334
.\agents\grimmsnarl\grimmsnarl_ml_v2__vs__.\experiments\grimmsnarl_ml_v2\baseline_agent_tmp\agents\grimmsnarl\grimmsnarl_ml_v2,18,.\experiments\grimmsnarl_ml_v2\baseline_agent_tmp\agents\grimmsnarl\grimmsnarl_ml_v2,.\agents\grimmsnarl\grimmsnarl_ml_v2,.\experiments\grimmsnarl_ml_v2\baseline_agent_tmp\agents\grimmsnarl\grimmsnarl_ml_v2,win,,,,3754.5456999796443,96,68,2133.1197999534197,1547.957399918232
.\agents\grimmsnarl\grimmsnarl_ml_v2__vs__.\experiments\grimmsnarl_ml_v2\baseline_agent_tmp\agents\grimmsnarl\grimmsnarl_ml_v2,19,.\agents\grimmsnarl\grimmsnarl_ml_v2,.\experiments\grimmsnarl_ml_v2\baseline_agent_tmp\agents\grimmsnarl\grimmsnarl_ml_v2,.\experiments\grimmsnarl_ml_v2\baseline_agent_tmp\agents\grimmsnarl\grimmsnarl_ml_v2,win,,,,4677.48119996395,73,112,1893.1967999087647,2698.160599975381
.\agents\grimmsnarl\grimmsnarl_ml_v2__vs__.\experiments\grimmsnarl_ml_v2\baseline_agent_tmp\agents\grimmsnarl\grimmsnarl_ml_v2,20,.\experiments\grimmsnarl_ml_v2\baseline_agent_tmp\agents\grimmsnarl\grimmsnarl_ml_v2,.\agents\grimmsnarl\grimmsnarl_ml_v2,.\experiments\grimmsnarl_ml_v2\baseline_agent_tmp\agents\grimmsnarl\grimmsnarl_ml_v2,win,,,,2595.440100005362,73,31,1829.4865994830616,717.9823999176733
.\agents\grimmsnarl\grimmsnarl_ml_v2__vs__.\experiments\grimmsnarl_ml_v2\baseline_agent_tmp\agents\grimmsnarl\grimmsnarl_ml_v2,21,.\agents\grimmsnarl\grimmsnarl_ml_v2,.\experiments\grimmsnarl_ml_v2\baseline_agent_tmp\agents\grimmsnarl\grimmsnarl_ml_v2,.\agents\grimmsnarl\grimmsnarl_ml_v2,win,,,,4764.360099972691,109,102,2571.733300050255,2093.891099910252
.\agents\grimmsnarl\grimmsnarl_ml_v2__vs__.\experiments\grimmsnarl_ml_v2\baseline_agent_tmp\agents\grimmsnarl\grimmsnarl_ml_v2,22,.\experiments\grimmsnarl_ml_v2\baseline_agent_tmp\agents\grimmsnarl\grimmsnarl_ml_v2,.\agents\grimmsnarl\grimmsnarl_ml_v2,.\agents\grimmsnarl\grimmsnarl_ml_v2,win,,,,6059.3502999981865,102,129,2024.401699891314,3921.0876001161523
.\agents\grimmsnarl\grimmsnarl_ml_v2__vs__.\experiments\grimmsnarl_ml_v2\baseline_agent_tmp\agents\grimmsnarl\grimmsnarl_ml_v2,23,.\agents\grimmsnarl\grimmsnarl_ml_v2,.\experiments\grimmsnarl_ml_v2\baseline_agent_tmp\agents\grimmsnarl\grimmsnarl_ml_v2,.\agents\grimmsnarl\grimmsnarl_ml_v2,win,,,,5849.344999995083,124,108,3197.702899982687,2533.8839003816247
.\agents\grimmsnarl\grimmsnarl_ml_v2__vs__.\experiments\grimmsnarl_ml_v2\baseline_agent_tmp\agents\grimmsnarl\grimmsnarl_ml_v2,24,.\experiments\grimmsnarl_ml_v2\baseline_agent_tmp\agents\grimmsnarl\grimmsnarl_ml_v2,.\agents\grimmsnarl\grimmsnarl_ml_v2,.\experiments\grimmsnarl_ml_v2\baseline_agent_tmp\agents\grimmsnarl\grimmsnarl_ml_v2,win,,,,5357.110599987209,109,87,2776.434200350195,2479.5889000524767
.\agents\grimmsnarl\grimmsnarl_ml_v2__vs__.\experiments\grimmsnarl_ml_v2\baseline_agent_tmp\agents\grimmsnarl\grimmsnarl_ml_v2,25,.\agents\grimmsnarl\grimmsnarl_ml_v2,.\experiments\grimmsnarl_ml_v2\baseline_agent_tmp\agents\grimmsnarl\grimmsnarl_ml_v2,.\agents\grimmsnarl\grimmsnarl_ml_v2,win,,,,5730.334999971092,105,92,3430.9068002621643,2198.9167999709025
.\agents\grimmsnarl\grimmsnarl_ml_v2__vs__.\experiments\grimmsnarl_ml_v2\baseline_agent_tmp\agents\grimmsnarl\grimmsnarl_ml_v2,26,.\experiments\grimmsnarl_ml_v2\baseline_agent_tmp\agents\grimmsnarl\grimmsnarl_ml_v2,.\agents\grimmsnarl\grimmsnarl_ml_v2,.\agents\grimmsnarl\grimmsnarl_ml_v2,win,,,,4763.799800013658,78,104,1619.3964998819865,3053.6479997681454
.\agents\grimmsnarl\grimmsnarl_ml_v2__vs__.\experiments\grimmsnarl_ml_v2\baseline_agent_tmp\agents\grimmsnarl\grimmsnarl_ml_v2,27,.\agents\grimmsnarl\grimmsnarl_ml_v2,.\experiments\grimmsnarl_ml_v2\baseline_agent_tmp\agents\grimmsnarl\grimmsnarl_ml_v2,.\agents\grimmsnarl\grimmsnarl_ml_v2,win,,,,7759.450800018385,150,142,4243.645500391722,3363.326599879656
.\agents\grimmsnarl\grimmsnarl_ml_v2__vs__.\experiments\grimmsnarl_ml_v2\baseline_agent_tmp\agents\grimmsnarl\grimmsnarl_ml_v2,28,.\experiments\grimmsnarl_ml_v2\baseline_agent_tmp\agents\grimmsnarl\grimmsnarl_ml_v2,.\agents\grimmsnarl\grimmsnarl_ml_v2,.\agents\grimmsnarl\grimmsnarl_ml_v2,win,,,,5684.757700015325,79,113,1649.3867998360656,3943.0315005010925
.\agents\grimmsnarl\grimmsnarl_ml_v2__vs__.\experiments\grimmsnarl_ml_v2\baseline_agent_tmp\agents\grimmsnarl\grimmsnarl_ml_v2,29,.\agents\grimmsnarl\grimmsnarl_ml_v2,.\experiments\grimmsnarl_ml_v2\baseline_agent_tmp\agents\grimmsnarl\grimmsnarl_ml_v2,.\agents\grimmsnarl\grimmsnarl_ml_v2,win,,,,4990.098999987822,98,85,3005.067500169389,1895.8121996256523
.\agents\grimmsnarl\grimmsnarl_ml_v2__vs__.\experiments\grimmsnarl_ml_v2\baseline_agent_tmp\agents\grimmsnarl\grimmsnarl_ml_v2,30,.\experiments\grimmsnarl_ml_v2\baseline_agent_tmp\agents\grimmsnarl\grimmsnarl_ml_v2,.\agents\grimmsnarl\grimmsnarl_ml_v2,.\agents\grimmsnarl\grimmsnarl_ml_v2,win,,,,5318.028300011065,76,131,1656.9059998146258,3556.034400302451
.\agents\grimmsnarl\grimmsnarl_ml_v2__vs__.\experiments\grimmsnarl_ml_v2\baseline_agent_tmp\agents\grimmsnarl\grimmsnarl_ml_v2,31,.\agents\grimmsnarl\grimmsnarl_ml_v2,.\experiments\grimmsnarl_ml_v2\baseline_agent_tmp\agents\grimmsnarl\grimmsnarl_ml_v2,.\experiments\grimmsnarl_ml_v2\baseline_agent_tmp\agents\grimmsnarl\grimmsnarl_ml_v2,win,,,,5950.744200032204,121,82,4198.9056001766585,1647.0078001148067
.\agents\grimmsnarl\grimmsnarl_ml_v2__vs__.\experiments\grimmsnarl_ml_v2\baseline_agent_tmp\agents\grimmsnarl\grimmsnarl_ml_v2,32,.\experiments\grimmsnarl_ml_v2\baseline_agent_tmp\agents\grimmsnarl\grimmsnarl_ml_v2,.\agents\grimmsnarl\grimmsnarl_ml_v2,.\agents\grimmsnarl\grimmsnarl_ml_v2,win,,,,4235.409200016875,89,84,2121.8814999447204,2032.543099776376
.\agents\grimmsnarl\grimmsnarl_ml_v2__vs__.\experiments\grimmsnarl_ml_v2\baseline_agent_tmp\agents\grimmsnarl\grimmsnarl_ml_v2,33,.\agents\grimmsnarl\grimmsnarl_ml_v2,.\experiments\grimmsnarl_ml_v2\baseline_agent_tmp\agents\grimmsnarl\grimmsnarl_ml_v2,.\experiments\grimmsnarl_ml_v2\baseline_agent_tmp\agents\grimmsnarl\grimmsnarl_ml_v2,win,,,,4832.44529995136,79,87,2671.12250009086,2073.4385996474884
.\agents\grimmsnarl\grimmsnarl_ml_v2__vs__.\experiments\grimmsnarl_ml_v2\baseline_agent_tmp\agents\grimmsnarl\grimmsnarl_ml_v2,34,.\experiments\grimmsnarl_ml_v2\baseline_agent_tmp\agents\grimmsnarl\grimmsnarl_ml_v2,.\agents\grimmsnarl\grimmsnarl_ml_v2,.\agents\grimmsnarl\grimmsnarl_ml_v2,win,,,,4294.468700012658,66,104,1077.32360024238,3136.986100114882
.\agents\grimmsnarl\grimmsnarl_ml_v2__vs__.\experiments\grimmsnarl_ml_v2\baseline_agent_tmp\agents\grimmsnarl\grimmsnarl_ml_v2,35,.\agents\grimmsnarl\grimmsnarl_ml_v2,.\experiments\grimmsnarl_ml_v2\baseline_agent_tmp\agents\grimmsnarl\grimmsnarl_ml_v2,.\experiments\grimmsnarl_ml_v2\baseline_agent_tmp\agents\grimmsnarl\grimmsnarl_ml_v2,win,,,,5055.575800011866,87,121,2115.321600169409,2837.663200334646
.\agents\grimmsnarl\grimmsnarl_ml_v2__vs__.\experiments\grimmsnarl_ml_v2\baseline_agent_tmp\agents\grimmsnarl\grimmsnarl_ml_v2,36,.\experiments\grimmsnarl_ml_v2\baseline_agent_tmp\agents\grimmsnarl\grimmsnarl_ml_v2,.\agents\grimmsnarl\grimmsnarl_ml_v2,.\experiments\grimmsnarl_ml_v2\baseline_agent_tmp\agents\grimmsnarl\grimmsnarl_ml_v2,win,,,,3812.004200008232,89,73,1961.1086998484097,1768.6436003423296
.\agents\grimmsnarl\grimmsnarl_ml_v2__vs__.\experiments\grimmsnarl_ml_v2\baseline_agent_tmp\agents\grimmsnarl\grimmsnarl_ml_v2,37,.\agents\grimmsnarl\grimmsnarl_ml_v2,.\experiments\grimmsnarl_ml_v2\baseline_agent_tmp\agents\grimmsnarl\grimmsnarl_ml_v2,.\experiments\grimmsnarl_ml_v2\baseline_agent_tmp\agents\grimmsnarl\grimmsnarl_ml_v2,win,,,,8387.820000003558,84,129,3701.7125998972915,4547.498599451501
.\agents\grimmsnarl\grimmsnarl_ml_v2__vs__.\experiments\grimmsnarl_ml_v2\baseline_agent_tmp\agents\grimmsnarl\grimmsnarl_ml_v2,38,.\experiments\grimmsnarl_ml_v2\baseline_agent_tmp\agents\grimmsnarl\grimmsnarl_ml_v2,.\agents\grimmsnarl\grimmsnarl_ml_v2,.\experiments\grimmsnarl_ml_v2\baseline_agent_tmp\agents\grimmsnarl\grimmsnarl_ml_v2,win,,,,5810.24930003332,96,93,2428.8788001285866,3277.844200085383
.\agents\grimmsnarl\grimmsnarl_ml_v2__vs__.\experiments\grimmsnarl_ml_v2\baseline_agent_tmp\agents\grimmsnarl\grimmsnarl_ml_v2,39,.\agents\grimmsnarl\grimmsnarl_ml_v2,.\experiments\grimmsnarl_ml_v2\baseline_agent_tmp\agents\grimmsnarl\grimmsnarl_ml_v2,.\experiments\grimmsnarl_ml_v2\baseline_agent_tmp\agents\grimmsnarl\grimmsnarl_ml_v2,win,,,,6347.9115999653,85,146,2782.3149998439476,3450.2223998424597
.\agents\grimmsnarl\grimmsnarl_ml_v2__vs__.\experiments\grimmsnarl_ml_v2\baseline_agent_tmp\agents\grimmsnarl\grimmsnarl_ml_v2,40,.\experiments\grimmsnarl_ml_v2\baseline_agent_tmp\agents\grimmsnarl\grimmsnarl_ml_v2,.\agents\grimmsnarl\grimmsnarl_ml_v2,.\experiments\grimmsnarl_ml_v2\baseline_agent_tmp\agents\grimmsnarl\grimmsnarl_ml_v2,win,,,,7052.4429000215605,116,104,2907.0228999480605,4012.115900113713
