turn,metric,v21,top5,field,n_v21,rank/23,pmin,pmax,p_vs_field,rho_rating,p_rho
1,take_attack,0.0,0.0,0.0,36,1,0.0,0.0,1.0,,
1,take_shadow,0.0,0.0,0.0,36,1,0.0,0.0,1.0,,
1,supporter_flag,0.0,0.0,0.0,36,1,0.0,0.0,1.0,,
1,energy_attached_flag,0.778,0.689,0.739,36,17,0.631,0.882,0.7041,-0.278,0.2097
1,take_rare_candy,0.0,0.0,0.0,36,1,0.0,0.0,1.0,,
1,board_grim_ex_on_board,0.0,0.0,0.0,36,1,0.0,0.0,1.0,,
1,take_gym,0.389,0.442,0.423,36,7,0.277,0.52,0.7361,-0.154,0.4949
1,gym_ability,0.389,0.442,0.422,36,7,0.277,0.52,0.7364,-0.158,0.4821
1,take_adrena,0.0,0.0,0.0,36,1,0.0,0.0,1.0,,
1,take_boss,0.0,0.0,0.0,36,1,0.0,0.0,1.0,,
1,take_poffin,0.472,0.475,0.443,36,18,0.352,0.537,0.738,0.19,0.3962
1,take_stamp,0.0,0.0,0.0,36,1,0.0,0.0,1.0,,
1,retreat_flag,0.0,0.038,0.014,36,1,0.0,0.133,1.0,0.557,0.0071
1,take_froslass_evolve,0.0,0.0,0.0,36,1,0.0,0.0,1.0,,
1,take_petrel,0.0,0.0,0.0,36,1,0.0,0.0,1.0,,
1,take_lillie,0.0,0.0,0.0,36,1,0.0,0.0,1.0,,
1,take_dawn,0.0,0.0,0.0,36,1,0.0,0.0,1.0,,
1,take_bench,0.556,0.661,0.669,36,2,0.529,0.767,0.1569,-0.178,0.4284
1,idle,0.056,0.028,0.017,36,22,0.0,0.062,0.1272,0.555,0.0073
1,board_energy_in_play,0.778,0.651,0.725,36,17,0.6,0.882,0.4588,-0.432,0.0447
1,board_bench,2.306,2.438,2.429,36,8,2.108,2.86,0.5784,-0.321,0.1448
1,board_deck_left,43.694,43.487,43.608,36,14,43.133,44.088,0.7489,0.011,0.9622
1,board_hand,4.611,4.749,4.64,36,10,4.288,5.042,0.8999,0.493,0.0198
1,main_decisions,4.583,4.757,4.72,36,7,4.206,5.04,0.693,-0.156,0.487
1,board_prize_left,6.0,6.0,6.0,36,1,6.0,6.0,,,
2,take_attack,0.361,0.49,0.466,36,2,0.34,0.56,0.2405,0.558,0.0069
2,take_shadow,0.222,0.351,0.339,36,2,0.189,0.447,0.158,0.343,0.1176
2,supporter_flag,0.75,0.848,0.844,36,1,0.759,0.917,0.1606,0.279,0.2094
2,energy_attached_flag,0.583,0.678,0.641,36,7,0.474,0.738,0.4868,0.52,0.0131
2,take_rare_candy,0.306,0.402,0.394,36,3,0.294,0.474,0.3071,0.344,0.1171
2,board_grim_ex_on_board,0.306,0.402,0.394,36,2,0.294,0.474,0.3068,0.344,0.1171
2,take_gym,0.056,0.21,0.195,36,1,0.113,0.24,0.0326,0.476,0.0251
2,gym_ability,0.5,0.65,0.666,36,1,0.526,0.747,0.049,-0.231,0.3011
2,take_adrena,0.111,0.054,0.053,36,20,0.01,0.119,0.1276,-0.074,0.7436
2,take_boss,0.0,0.026,0.031,36,1,0.0,0.058,0.6253,0.049,0.8281
2,take_poffin,0.194,0.219,0.237,36,6,0.164,0.324,0.6933,0.05,0.8242
2,take_stamp,0.0,0.01,0.007,36,1,0.0,0.026,1.0,0.236,0.2898
2,retreat_flag,0.111,0.157,0.163,36,5,0.075,0.283,0.5002,0.214,0.3389
2,take_froslass_evolve,0.278,0.316,0.304,36,8,0.178,0.447,0.8558,-0.35,0.1108
2,take_petrel,0.25,0.241,0.233,36,15,0.147,0.368,0.8426,0.351,0.1096
2,take_lillie,0.306,0.479,0.48,36,1,0.395,0.553,0.0432,-0.12,0.5939
2,take_dawn,0.194,0.101,0.101,36,22,0.0,0.21,0.0872,0.053,0.8165
2,take_bench,0.667,0.615,0.624,36,19,0.482,0.733,0.7291,-0.136,0.5475
2,idle,0.0,0.0,0.003,36,1,0.0,0.027,1.0,0.124,0.5827
2,board_energy_in_play,2.139,2.691,2.62,36,4,2.0,3.397,0.0523,-0.188,0.402
2,board_bench,3.5,3.628,3.702,36,7,3.399,4.132,0.3608,-0.566,0.006
2,board_deck_left,38.333,36.498,36.773,36,23,35.38,38.032,0.0133,0.155,0.4902
2,board_hand,3.972,4.767,4.64,36,1,4.0,5.262,0.0407,0.411,0.0577
2,main_decisions,6.167,6.9,6.845,36,1,6.315,7.45,0.0959,-0.076,0.7378
2,board_prize_left,5.861,5.692,5.706,36,23,5.632,5.792,0.0127,-0.356,0.1035
3,take_attack,0.778,0.772,0.761,36,14,0.669,0.833,1.0,-0.036,0.8731
3,take_shadow,0.75,0.711,0.699,36,19,0.567,0.775,0.5856,-0.086,0.7023
3,supporter_flag,0.694,0.781,0.78,36,2,0.667,0.846,0.2257,0.012,0.9582
3,energy_attached_flag,0.583,0.607,0.616,36,5,0.37,0.719,0.7312,0.264,0.2345
3,take_rare_candy,0.111,0.134,0.163,36,4,0.073,0.255,0.5,-0.12,0.5956
3,board_grim_ex_on_board,0.778,0.78,0.783,36,11,0.606,0.852,1.0,-0.02,0.9284
3,take_gym,0.278,0.201,0.161,36,22,0.042,0.297,0.0691,0.329,0.1347
3,gym_ability,0.75,0.739,0.747,36,13,0.639,0.843,1.0,-0.058,0.7971
3,take_adrena,0.694,0.476,0.528,36,23,0.371,0.648,0.0626,-0.27,0.2234
3,take_boss,0.028,0.102,0.109,36,2,0.0,0.162,0.1714,0.117,0.6045
3,take_poffin,0.278,0.206,0.187,36,20,0.061,0.345,0.1937,0.407,0.0604
3,take_stamp,0.194,0.166,0.156,36,17,0.027,0.236,0.4911,-0.036,0.8751
3,retreat_flag,0.306,0.192,0.188,36,23,0.13,0.277,0.0857,-0.215,0.3363
3,take_froslass_evolve,0.028,0.146,0.159,36,1,0.093,0.264,0.0339,-0.178,0.4284
3,take_petrel,0.194,0.273,0.248,36,5,0.163,0.337,0.5614,0.21,0.3492
3,take_lillie,0.444,0.323,0.354,36,21,0.285,0.444,0.2926,-0.371,0.0896
3,take_dawn,0.028,0.083,0.069,36,5,0.018,0.152,0.5109,0.312,0.1571
3,take_bench,0.667,0.58,0.566,36,22,0.378,0.678,0.2405,0.468,0.0282
3,idle,0.0,0.0,0.005,36,1,0.0,0.03,1.0,-0.556,0.0072
3,board_energy_in_play,4.028,4.457,4.504,36,5,3.414,5.722,0.1273,-0.388,0.0744
3,board_bench,4.222,4.205,4.309,36,10,4.0,4.676,0.6055,-0.446,0.0377
3,board_deck_left,31.194,30.33,30.463,36,20,28.625,32.318,0.4148,0.26,0.242
3,board_hand,4.861,4.871,4.897,36,10,4.486,5.492,0.9276,-0.156,0.487
3,main_decisions,7.611,7.3,7.355,36,21,6.987,7.889,0.579,0.213,0.3415
3,board_prize_left,5.222,5.171,5.149,36,16,4.986,5.344,0.6511,0.043,0.8495
4,take_attack,0.833,0.857,0.86,36,4,0.769,0.923,0.6283,-0.255,0.2527
4,take_shadow,0.833,0.808,0.814,36,15,0.731,0.904,1.0,-0.396,0.0682
4,supporter_flag,0.694,0.676,0.698,36,10,0.521,0.8,1.0,-0.374,0.0861
4,energy_attached_flag,0.583,0.59,0.6,36,10,0.463,0.731,0.8648,0.267,0.2295
4,take_rare_candy,0.167,0.118,0.125,36,19,0.053,0.219,0.4438,-0.073,0.7473
4,board_grim_ex_on_board,0.861,0.871,0.871,36,9,0.819,0.944,0.8029,-0.238,0.2867
4,take_gym,0.167,0.151,0.144,36,15,0.056,0.197,0.6353,0.034,0.8791
4,gym_ability,0.833,0.719,0.751,36,20,0.507,0.861,0.3312,-0.47,0.0273
4,take_adrena,0.75,0.719,0.741,36,12,0.57,0.836,1.0,-0.027,0.9067
4,take_boss,0.056,0.097,0.113,36,2,0.05,0.166,0.4229,-0.274,0.2164
4,take_poffin,0.083,0.108,0.112,36,9,0.018,0.234,0.7911,-0.053,0.8164
4,take_stamp,0.083,0.17,0.187,36,1,0.123,0.306,0.1318,-0.335,0.1277
4,retreat_flag,0.361,0.204,0.194,36,23,0.083,0.25,0.0187,0.034,0.8791
4,take_froslass_evolve,0.083,0.09,0.118,36,5,0.046,0.208,0.7925,-0.432,0.0446
4,take_petrel,0.167,0.301,0.285,36,1,0.221,0.444,0.1372,-0.042,0.8516
4,take_lillie,0.417,0.224,0.25,36,23,0.138,0.317,0.0318,-0.473,0.0263
4,take_dawn,0.056,0.054,0.05,36,14,0.0,0.107,0.7013,0.137,0.5426
4,take_bench,0.417,0.47,0.485,36,1,0.426,0.577,0.5019,0.013,0.9543
4,idle,0.0,0.0,0.001,36,1,0.0,0.031,1.0,-0.203,0.364
4,board_energy_in_play,4.611,5.219,5.219,36,4,4.25,6.267,0.0294,-0.443,0.0388
4,board_bench,4.611,4.375,4.451,36,21,4.235,4.642,0.0941,-0.479,0.024
4,board_deck_left,26.333,25.703,25.793,36,16,24.08,27.572,0.551,0.339,0.1223
4,board_hand,5.556,5.215,5.271,36,18,4.639,5.947,0.4738,-0.254,0.2549
4,main_decisions,7.611,7.052,7.339,36,19,6.691,7.781,0.4858,-0.319,0.1479
4,board_prize_left,4.306,4.314,4.23,36,16,3.759,4.53,0.7531,0.485,0.0221
