date,agent,commit_sha,submission_id,opponent,games,wins,losses,draws,errors,first_player_wins,second_player_wins,notes
2026-07-10,cynthia_garchomp_v1,417d583,,mega_lucario_v1,40,29,11,0,0,17,12,"wmh/ptcg-abc GarchompPolicy移植版 vs 旧エージェント (local_arena); エラー・フォールバック0"
2026-07-10,cynthia_garchomp_v1,417d583,,generic:grimmsnarl,40,40,0,0,0,20,20,"vs 現メタ首位Grimmsnarl(GenericPolicy)",
2026-07-10,cynthia_garchomp_v1,417d583,,generic:kangaskhan,40,38,2,0,0,20,18,"vs Kangaskhan ex(GenericPolicy)",
2026-07-10,cynthia_garchomp_v1,417d583,,generic:alakazam741,40,34,6,0,0,18,16,"vs Alakazam-741(GenericPolicy)",
2026-07-10,cynthia_garchomp_v1,417d583,,generic:megastarmie,40,25,15,0,0,12,13,"vs Mega Starmie(GenericPolicy)",
2026-07-10,alakazam741_v1,417d583,,cynthia_garchomp_v1,30,20,10,0,0,11,9,"wmh alakazam v3移植版; 直接対決で勝ち越し",
2026-07-10,alakazam741_v1,417d583,,generic:grimmsnarl,20,16,4,0,0,7,9,"",
2026-07-10,alakazam741_v1,417d583,,generic:kangaskhan,20,20,0,0,0,10,10,"",
2026-07-10,alakazam741_v1,417d583,,generic:megastarmie,20,13,7,0,0,7,6,"",
2026-07-10,alakazam741_v1,417d583,,mega_lucario_v1,20,18,2,0,0,10,8,"",
