rank,team_name,submission_id,score,archetype,deck_hash,deck_source
1,Luca,55168931,1281.0,Mega Lopunny ex / Mega Froslass ex,a7ee29914c1dce64,submission_replay_index
1,Majkel1337,55186239,1300.3,Mega Lucario ex / Hariyama,05f854e1b3b3ba0f,episode_seat
2,LiamK,55248965,1177.1,Mega Lopunny ex / Mega Froslass ex,a7ee29914c1dce64,episode_seat
3,Majkel1337,55137818,1221.4,Mega Lopunny ex / Dudunsparce,6fa64c0e3b2eb67c,submission_replay_index
3,Raihan Ramadistra,55177269,1151.0,Marnie's Grimmsnarl ex / Munkidori,9714ab5c3996f6cc,episode_seat
4,やる気元気ミワハルキ,55167115,1220.2,Marnie's Grimmsnarl ex / Munkidori,9714ab5c3996f6cc,submission_replay_index
4,李秉叡（ntumlnoob）,55184021,1148.2,Mega Lopunny ex / Mega Froslass ex,a7ee29914c1dce64,episode_seat
5,Raihan Ramadistra,55171940,1172.6,Marnie's Grimmsnarl ex / Munkidori,9714ab5c3996f6cc,submission_replay_index
5,M Sato,55198468,1147.4,Fezandipiti ex / Alakazam,cc38cb450b86770a,episode_seat
6,wwwwwwwwwwwwwwwwwwwwwwwwwwwwww,55172248,1155.9,Mega Lopunny ex / Dudunsparce,1350508087c01043,submission_replay_index
6,THIRD PTCG Club,55242764,1129.5,Dragapult ex / Fezandipiti ex,4b53fcb1afbba336,episode_seat
7,AlphaStarmie,54773249,1127.5,Fezandipiti ex / Alakazam,cc38cb450b86770a,episode_seat
7,Rmy,55143076,1149.8,Teal Mask Ogerpon ex,0dede7cb8026e473,submission_replay_index
8,keidroid,55153405,1141.4,Teal Mask Ogerpon ex,97df7a2a423da1d8,submission_replay_index
8,James Cox & Henry Chao,55188658,1123.6,Mega Kangaskhan ex / Raging Bolt ex,62088a8950aeae46,episode_seat
9,LiamK,55090635,1141.3,Marnie's Grimmsnarl ex / Munkidori,9714ab5c3996f6cc,submission_replay_index
9,Rmy,55251826,1119.6,Mega Lopunny ex / Dudunsparce,6fa64c0e3b2eb67c,episode_seat
10,flg,55033457,1138.2,Mega Kangaskhan ex / Cornerstone Mask Ogerpon ex,9b415cc6bbdf6fd5,submission_replay_index
10,LumenLiquidity,55229706,1116.3,Blaziken ex / Dragapult ex,916b4d01bfc6726c,episode_seat
11,@kdcyberdude,55170504,1126.3,Marnie's Grimmsnarl ex / Munkidori,9714ab5c3996f6cc,submission_replay_index
11,@kdcyberdude,55187358,1116.3,Marnie's Grimmsnarl ex / Munkidori,9714ab5c3996f6cc,episode_seat
12,Sixth Sense,55138264,1113.7,Marnie's Grimmsnarl ex / Munkidori,9714ab5c3996f6cc,episode_seat
12,perrodawn,55173868,1123.1,Rillaboom / Seaking,386025bd3ab3c9cd,submission_replay_index
13,Dries @ Tufa Labs,55109984,1121.6,Marnie's Grimmsnarl ex / Munkidori,9714ab5c3996f6cc,submission_replay_index
13,ShumpeiNomura,55214482,1108.7,Mega Kangaskhan ex / Latias ex,d9f935d23302a6f4,episode_seat
14,Oshbocker,55084456,1088.7,Mega Kangaskhan ex / Crustle,4717e5f31ba694d4,episode_seat
14,lmaffei,55168690,1110.0,Mega Lopunny ex / Dudunsparce,1350508087c01043,submission_replay_index
15,ANDPAD kaggler team,55134263,1105.2,Marnie's Grimmsnarl ex / Munkidori,21c3f20980827cb2,submission_replay_index
15,Team Rot-Weiß,55231831,1085.7,Fezandipiti ex / Alakazam,cc38cb450b86770a,episode_seat
16,lolzpo+ emonga,55157066,1102.2,Mega Lopunny ex / Latias ex,3f1fae2704f11912,submission_replay_index
16,MissingNo.,55221290,1082.6,Marnie's Grimmsnarl ex / Munkidori,9714ab5c3996f6cc,episode_seat
17,flg,55033309,1081.5,Team Rocket's Mewtwo ex / Team Rocket's Spidops,46bef46a0ad2d9f0,episode_seat
18,Xiangyu Liu,55155208,1098.2,Dragapult ex / Fezandipiti ex,202ee2cec6cbe8b4,submission_replay_index
18,wwwwwwwwwwwwwwwwwwwwwwwwwwwwww,55241354,1080.9,Mega Lopunny ex / Dudunsparce,6fa64c0e3b2eb67c,episode_seat
19,Tatsuya Kayama,55160398,1096.9,Teal Mask Ogerpon ex,0dede7cb8026e473,submission_replay_index
19,ANDPAD kaggler team,55251764,1083.1,Mega Kangaskhan ex / Crustle,4717e5f31ba694d4,episode_seat
20,カントー地方マスター(KantoRegionMaster),55168467,1094.8,Marnie's Grimmsnarl ex / Munkidori,9714ab5c3996f6cc,submission_replay_index
20,vvs,55251919,1074.7,Fezandipiti ex / Alakazam,cc38cb450b86770a,episode_seat
21,cununn,55230940,1073.2,Fezandipiti ex / Alakazam,cc38cb450b86770a,episode_seat
22,tonakaiiii,55164736,1088.6,Mega Venusaur ex / Mega Kangaskhan ex,84db65230939a803,submission_replay_index
22,less,55249896,1072.3,Marnie's Grimmsnarl ex / Munkidori,9714ab5c3996f6cc,episode_seat
23,Octavi Grau,55106363,1088.2,Cynthia's Garchomp ex / Cynthia's Roserade,daff2ed17de6145d,submission_replay_index
23,tonakaiiii,55185728,1071.7,Mega Venusaur ex / Mega Kangaskhan ex,84db65230939a803,episode_seat
24,sadwat,55160202,1086.7,Marnie's Grimmsnarl ex / Munkidori,9714ab5c3996f6cc,submission_replay_index
24,tw_shin,55199855,1066.4,Arboliva ex / Teal Mask Ogerpon ex,c377bbb15d6cbbb0,episode_seat
25,Team KASA.,55098365,1065.5,Fezandipiti ex / Alakazam,cc38cb450b86770a,episode_seat
25,vvs,55132728,1085.9,Marnie's Grimmsnarl ex / Munkidori,9714ab5c3996f6cc,submission_replay_index
26,e-toppo + kurupical,55056097,1083.5,Marnie's Grimmsnarl ex / Munkidori,2f2726e9c4394ea3,submission_replay_index
26,cyrus,55245607,1065.0,Marnie's Grimmsnarl ex / Munkidori,9714ab5c3996f6cc,episode_seat
27,M Sato,55171851,1082.1,Marnie's Grimmsnarl ex / Munkidori,9714ab5c3996f6cc,submission_replay_index
27,Ayanokoji Fan Club,55247656,1058.7,Marnie's Grimmsnarl ex / Munkidori,9714ab5c3996f6cc,episode_seat
28,GuerillaMoon,55252808,1058.6,Marnie's Grimmsnarl ex / Munkidori,9714ab5c3996f6cc,episode_seat
29,Where is my orbit,54959248,1058.3,Mega Kangaskhan ex / Crustle,20bc24847121c967,episode_seat
29,NguyenThanhNhan,55156168,1080.3,Marnie's Grimmsnarl ex / Munkidori,9714ab5c3996f6cc,submission_replay_index
30,zhangshuosc,55163869,1077.6,Marnie's Grimmsnarl ex / Munkidori,9714ab5c3996f6cc,submission_replay_index
30,Petit Canard,55251179,1056.9,Teal Mask Ogerpon ex,97df7a2a423da1d8,episode_seat
31,JZ,55094113,1055.3,Marnie's Grimmsnarl ex / Munkidori,21c3f20980827cb2,episode_seat
31,Dominic Peel,55167739,1073.9,Marnie's Grimmsnarl ex / Munkidori,9714ab5c3996f6cc,submission_replay_index
32,szlachetny snieg,55153272,1073.8,Marnie's Grimmsnarl ex / Munkidori,9714ab5c3996f6cc,submission_replay_index
32,KawattaTaido,55245964,1053.3,Marnie's Grimmsnarl ex / Munkidori,21c3f20980827cb2,episode_seat
33,Jack,55126075,1072.1,Dragapult ex / Fezandipiti ex,202ee2cec6cbe8b4,submission_replay_index
33,DavidFreelan,55229375,1053.2,Mega Lopunny ex / Mega Froslass ex,a7ee29914c1dce64,episode_seat
34,Iolzpo + emonga,55121805,1053.0,Mega Lopunny ex / Latias ex,3f1fae2704f11912,episode_seat
35,cm391,55086789,1070.6,Marnie's Grimmsnarl ex / Munkidori,57961e5f51c03eaf,submission_replay_index
35,junlee789,55229754,1052.6,Marnie's Grimmsnarl ex / Munkidori,9714ab5c3996f6cc,episode_seat
36,Azat Akhtyamov,55016893,1064.7,Marnie's Grimmsnarl ex / Munkidori,9714ab5c3996f6cc,submission_replay_index
36,Ketchum Alt,55253878,1052.5,Teal Mask Ogerpon ex,82319d40f7d61a5e,episode_seat
37,Kazama Yusuke,55148966,1064.1,Teal Mask Ogerpon ex,0dede7cb8026e473,submission_replay_index
37,junseo lee,55205180,1052.2,Cynthia's Garchomp ex / Cynthia's Roserade,daff2ed17de6145d,episode_seat
38,SQUIRTLE (prime),55090777,1063.4,Marnie's Grimmsnarl ex / Munkidori,9714ab5c3996f6cc,submission_replay_index
38,213tubo,55234094,1051.6,Arboliva ex / Teal Mask Ogerpon ex,dfaa3ae90fb5eff0,episode_seat
39,서주영,55174275,1062.3,Marnie's Grimmsnarl ex / Munkidori,9714ab5c3996f6cc,team_name_match
39,Hancang Mi,55254078,1050.3,Fezandipiti ex / Alakazam,cc38cb450b86770a,episode_seat
40,bono,55109061,1057.5,Team Rocket's Mewtwo ex / Team Rocket's Spidops,1439295485a33d48,submission_replay_index
40,szlachetny snieg,55254018,1049.8,Marnie's Grimmsnarl ex / Munkidori,9714ab5c3996f6cc,episode_seat
41,palsystem,55107167,1049.7,Fezandipiti ex / Thwackey,711c221c9cc49384,episode_seat
41,junlee789,55164781,1056.0,Cynthia's Garchomp ex / Cynthia's Roserade,daff2ed17de6145d,submission_replay_index
42,insuperabilehart,55243043,1049.3,Teal Mask Ogerpon ex,0dede7cb8026e473,episode_seat
43,Zhenyu Zhang,55168898,1054.6,Mega Lopunny ex / Dudunsparce,6fa64c0e3b2eb67c,submission_replay_index
43,Xiangyu Liu,55238859,1048.9,Fezandipiti ex / Alakazam,cc38cb450b86770a,episode_seat
44,THIRD PTCG Club,55148565,1053.4,Team Rocket's Mewtwo ex / Team Rocket's Spidops,a5da150e509834c5,submission_replay_index
44,bono,55184624,1047.2,Fezandipiti ex / Thwackey,711c221c9cc49384,episode_seat
45,MissingNo.,55148208,1050.6,Marnie's Grimmsnarl ex / Munkidori,9714ab5c3996f6cc,submission_replay_index
45,Vermillion City Pikachu,55252638,1044.7,Mega Kangaskhan ex / Crustle,113d55a83235ffaa,episode_seat
46,李秉叡（ntumlnoob）,55172889,1049.4,Mega Lopunny ex / Dudunsparce,6fa64c0e3b2eb67c,submission_replay_index
46,Mearyl,55231083,1044.5,Fezandipiti ex / Alakazam,cc38cb450b86770a,episode_seat
47,NorthStar,55130199,1043.2,Fezandipiti ex / Alakazam,cc38cb450b86770a,episode_seat
48,Roy Pidril,55159565,1048.5,Marnie's Grimmsnarl ex / Munkidori,9714ab5c3996f6cc,submission_replay_index
48,Arthurs Torres24,55227232,1042.8,Marnie's Grimmsnarl ex / Munkidori,9714ab5c3996f6cc,episode_seat
49,insuperabilehart,55164085,1046.4,Marnie's Grimmsnarl ex / Munkidori,9714ab5c3996f6cc,submission_replay_index
49,llkarill,55217790,1041.1,Arboliva ex / Teal Mask Ogerpon ex,013a3f18f784d326,episode_seat
50,miya,55157623,1046.3,Marnie's Grimmsnarl ex / Munkidori,9714ab5c3996f6cc,submission_replay_index
50,RtoABC,55239385,1040.0,Dragapult ex / Dudunsparce ex,10fc83264fd70470,episode_seat
